HitId,HitTitle,Annotation,AssignmentId,WorkerId,Status,AcceptTime,SubmitTime,Answer 1,Answer 2,Answer 3,Answer 4,Answer 5,Answer 6,Answer 7,Answer 8,Answer 9,Answer 10,Answer 11,Answer 12,Answer 13,Answer 14,Answer 15,Answer 16,Answer 17,Answer 18
2GZHRRLFQ0OT6OX3OP8OKEGRDBJHQ4,"Wage Negotiation Survey","",25OJ5OPB0YVMI148JGYE09U37EWY6F,A325D4P7OZ6J82,Approved,"Sat Mar 22 18:15:30 PDT 2014","Sat Mar 22 18:18:45 PDT 2014","data/tests/wage_survey.csv","/Users/etosch/dev/SurveyMan-public/output/wage_survey_survey1_1395531737917.csv","{""quid"":""q_486_4"",""oid"":""comp_489_5"",""qpos"":7,""opos"":3}",1395537420867,"{""quid"":""q_2_4"",""oid"":""comp_3_5"",""qpos"":0,""opos"":1}",1395537420867,"{""quid"":""q_478_4"",""oid"":""comp_479_5"",""qpos"":1,""opos"":2}",1395537420867,"{""quid"":""q_494_4"",""oid"":""comp_495_5"",""qpos"":2,""opos"":1}",1395537420867,"{""quid"":""q_433_4"",""oid"":""comp_433_5"",""qpos"":3,""opos"":0}",1395537420867,"{""quid"":""q_474_4"",""oid"":""comp_477_5"",""qpos"":4,""opos"":3}",1395537420867,"{""quid"":""q_490_4"",""oid"":""comp_493_5"",""qpos"":5,""opos"":3}",1395537420867,"{""quid"":""q_431_4"",""oid"":""comp_431_5"",""qpos"":6,""opos"":0}",1395537420867,
2GZHRRLFQ0OT6OX3OP8OKEGRDBJHQ4,"Wage Negotiation Survey","",2LFFSVGULF3FOL2SALSF33NYTV59NG,A30G6X6LBPKLTS,Approved,"Sat Mar 22 19:46:52 PDT 2014","Sat Mar 22 19:51:19 PDT 2014","data/tests/wage_survey.csv","/Users/etosch/dev/SurveyMan-public/output/wage_survey_survey1_1395531737917.csv","{""quid"":""q_2_4"",""oid"":""comp_2_5"",""qpos"":0,""opos"":1}",1395543077481,
2GZHRRLFQ0OT6OX3OP8OKEGRDBJHQ4,"Wage Negotiation Survey","",220SV7WGKCC14E9YX8UMSAPQAO52SV,A1C5H04D1GBF,Approved,"Sat Mar 22 20:13:05 PDT 2014","Sat Mar 22 20:17:25 PDT 2014","data/tests/wage_survey.csv","/Users/etosch/dev/SurveyMan-public/output/wage_survey_survey1_1395531737917.csv","{""quid"":""q_4_4"",""oid"":""comp_84_5"",""qpos"":1,""opos"":80}",1395544629900,"{""quid"":""q_2_4"",""oid"":""comp_2_5"",""qpos"":0,""opos"":1}",1395544629900,
2GZHRRLFQ0OT6OX3OP8OKEGRDBJHQ4,"Wage Negotiation Survey","",25GK5UFJ51YD97UL23HSCCSTS0CB87,A3QU6T3WESX9SX,Approved,"Sat Mar 22 20:36:30 PDT 2014","Sat Mar 22 20:37:52 PDT 2014","data/tests/wage_survey.csv","/Users/etosch/dev/SurveyMan-public/output/wage_survey_survey1_1395531737917.csv","{""quid"":""q_4_4"",""oid"":""comp_92_5"",""qpos"":1,""opos"":88}",1395545860765,"{""quid"":""q_2_4"",""oid"":""comp_2_5"",""qpos"":0,""opos"":1}",1395545860765,
2GZHRRLFQ0OT6OX3OP8OKEGRDBJHQ4,"Wage Negotiation Survey","",2ZHSI2KYEPLY80B68RXWU3OAN3ETN8,A34NNVUAFF30UG,Approved,"Sat Mar 22 21:50:04 PDT 2014","Sat Mar 22 21:55:01 PDT 2014","data/tests/wage_survey.csv","/Users/etosch/dev/SurveyMan-public/output/wage_survey_survey1_1395531737917.csv","{""quid"":""q_365_4"",""oid"":""comp_365_5"",""qpos"":5,""opos"":0}",1395550425390,"{""quid"":""q_2_4"",""oid"":""comp_3_5"",""qpos"":0,""opos"":1}",1395550425390,"{""quid"":""q_474_4"",""oid"":""comp_475_5"",""qpos"":1,""opos"":2}",1395550425390,"{""quid"":""q_259_4"",""oid"":""comp_320_5"",""qpos"":2,""opos"":61}",1395550425390,"{""quid"":""q_498_4"",""oid"":""comp_499_5"",""qpos"":3,""opos"":1}",1395550425390,"{""quid"":""q_486_4"",""oid"":""comp_487_5"",""qpos"":4,""opos"":1}",1395550425390,
2GZHRRLFQ0OT6OX3OP8OKEGRDBJHQ4,"Wage Negotiation Survey","",2FZDZKPFE4EMWAJ8PAC8T9NZ2JLG6G,AKDBCMF0PN4X3,Approved,"Sat Mar 22 23:08:05 PDT 2014","Sat Mar 22 23:08:59 PDT 2014","data/tests/wage_survey.csv","/Users/etosch/dev/SurveyMan-public/output/wage_survey_survey1_1395531737917.csv","{""quid"":""q_2_4"",""oid"":""comp_2_5"",""qpos"":0,""opos"":1}",1395581492048,
2GZHRRLFQ0OT6OX3OP8OKEGRDBJHQ4,"Wage Negotiation Survey","",2D5HJHP4BDDQZX4UEXO983G3BK0Y5G,A15ZCCQ880GIN0,Approved,"Sat Mar 22 23:07:19 PDT 2014","Sat Mar 22 23:10:34 PDT 2014","data/tests/wage_survey.csv","/Users/etosch/dev/SurveyMan-public/output/wage_survey_survey1_1395531737917.csv","{""quid"":""q_377_4"",""oid"":""comp_385_5"",""qpos"":7,""opos"":8}",1395554998203,"{""quid"":""q_2_4"",""oid"":""comp_3_5"",""qpos"":0,""opos"":0}",1395554998203,"{""quid"":""q_387_4"",""oid"":""comp_387_5"",""qpos"":1,""opos"":0}",1395554998203,"{""quid"":""q_259_4"",""oid"":""comp_349_5"",""qpos"":2,""opos"":6}",1395554998203,"{""quid"":""q_402_4"",""oid"":""comp_404_5"",""qpos"":3,""opos"":4}",1395554998203,"{""quid"":""q_389_4"",""oid"":""comp_389_5"",""qpos"":4,""opos"":0}",1395554998203,"{""quid"":""q_420_4"",""oid"":""comp_421_5"",""qpos"":5,""opos"":0}",1395554998203,"{""quid"":""q_395_4"",""oid"":""comp_396_5"",""qpos"":6,""opos"":1}",1395554998203,
2GZHRRLFQ0OT6OX3OP8OKEGRDBJHQ4,"Wage Negotiation Survey","",29UMIKMN9U8VSR9UG1NXT3SU4VSBSI,A3B2O3SOMXJ2OF,Approved,"Sat Mar 22 23:45:27 PDT 2014","Sat Mar 22 23:52:29 PDT 2014","data/tests/wage_survey.csv","/Users/etosch/dev/SurveyMan-public/output/wage_survey_survey1_1395531737917.csv","{""quid"":""q_431_4"",""oid"":""comp_431_5"",""qpos"":9,""opos"":0}",1395557491111,"{""quid"":""q_2_4"",""oid"":""comp_3_5"",""qpos"":0,""opos"":0}",1395557491111,"{""quid"":""q_456_4"",""oid"":""comp_456_5"",""qpos"":1,""opos"":0}",1395557491111,"{""quid"":""q_387_4"",""oid"":""comp_387_5"",""qpos"":2,""opos"":0}",1395557491111,"{""quid"":""q_444_4"",""oid"":""comp_449_5"",""qpos"":3,""opos"":0}|{""quid"":""q_444_4"",""oid"":""comp_448_5"",""qpos"":3,""opos"":1}|{""quid"":""q_444_4"",""oid"":""comp_447_5"",""qpos"":3,""opos"":2}|{""quid"":""q_444_4"",""oid"":""comp_446_5"",""qpos"":3,""opos"":3}|{""quid"":""q_444_4"",""oid"":""comp_445_5"",""qpos"":3,""opos"":4}|{""quid"":""q_444_4"",""oid"":""comp_444_5"",""qpos"":3,""opos"":5}",1395557491111,"{""quid"":""q_414_4"",""oid"":""comp_414_5"",""qpos"":4,""opos"":1}",1395557491111,"{""quid"":""q_402_4"",""oid"":""comp_403_5"",""qpos"":5,""opos"":1}",1395557491111,"{""quid"":""q_470_4"",""oid"":""comp_470_5"",""qpos"":6,""opos"":0}",1395557491111,"{""quid"":""q_466_4"",""oid"":""comp_466_5"",""qpos"":7,""opos"":0}",1395557491111,"{""quid"":""q_389_4"",""oid"":""comp_389_5"",""qpos"":8,""opos"":0}",1395557491111,
2GZHRRLFQ0OT6OX3OP8OKEGRDBJHQ4,"Wage Negotiation Survey","",2BNP9746OQ1Y6JWTDBY0G1QKI0XM2F,A1AZECHYEYSJF3,Approved,"Sun Mar 23 00:22:11 PDT 2014","Sun Mar 23 00:25:03 PDT 2014","data/tests/wage_survey.csv","/Users/etosch/dev/SurveyMan-public/output/wage_survey_survey1_1395531737917.csv","{""quid"":""q_105_4"",""oid"":""comp_106_5"",""qpos"":3,""opos"":1}",1395559479057,"{""quid"":""q_2_4"",""oid"":""comp_2_5"",""qpos"":0,""opos"":0}",1395559479057,"{""quid"":""q_4_4"",""oid"":""comp_80_5"",""qpos"":1,""opos"":76}",1395559479057,"{""quid"":""q_101_4"",""oid"":""comp_101_5"",""qpos"":2,""opos"":0}",1395559479057,
2GZHRRLFQ0OT6OX3OP8OKEGRDBJHQ4,"Wage Negotiation Survey","",27J24SMEZZ2S1DS9WZZPKY38Z93K3K,A1F7XXMUT0S6UV,Approved,"Sun Mar 23 00:33:36 PDT 2014","Sun Mar 23 00:43:48 PDT 2014","data/tests/wage_survey.csv","/Users/etosch/dev/SurveyMan-public/output/wage_survey_survey1_1395531737917.csv","{""quid"":""q_427_4"",""oid"":""comp_429_5"",""qpos"":16,""opos"":2}",1395560584162,"{""quid"":""q_2_4"",""oid"":""comp_3_5"",""qpos"":0,""opos"":1}",1395560584162,"{""quid"":""q_466_4"",""oid"":""comp_467_5"",""qpos"":1,""opos"":2}",1395560584162,"{""quid"":""q_420_4"",""oid"":""comp_421_5"",""qpos"":2,""opos"":1}",1395560584162,"{""quid"":""q_402_4"",""oid"":""comp_403_5"",""qpos"":3,""opos"":5}",1395560584162,"{""quid"":""q_494_4"",""oid"":""comp_495_5"",""qpos"":4,""opos"":1}",1395560584162,"{""quid"":""q_490_4"",""oid"":""comp_491_5"",""qpos"":5,""opos"":2}",1395560584162,"{""quid"":""q_422_4"",""oid"":""comp_423_5"",""qpos"":6,""opos"":1}",1395560584162,"{""quid"":""q_414_4"",""oid"":""comp_414_5"",""qpos"":7,""opos"":0}",1395560584162,"{""quid"":""q_362_4"",""oid"":""comp_364_5"",""qpos"":8,""opos"":2}",1395560584162,"{""quid"":""q_478_4"",""oid"":""comp_480_5"",""qpos"":9,""opos"":2}",1395560584162,"{""quid"":""q_387_4"",""oid"":""comp_387_5"",""qpos"":10,""opos"":0}",1395560584162,"{""quid"":""q_377_4"",""oid"":""comp_382_5"",""qpos"":11,""opos"":5}",1395560584162,"{""quid"":""q_462_4"",""oid"":""comp_463_5"",""qpos"":12,""opos"":1}",1395560584162,"{""quid"":""q_365_4"",""oid"":""comp_365_5"",""qpos"":13,""opos"":0}",1395560584162,"{""quid"":""q_389_4"",""oid"":""comp_389_5"",""qpos"":14,""opos"":0}",1395560584162,"{""quid"":""q_391_4"",""oid"":""comp_391_5"",""qpos"":15,""opos"":3}",1395560584162,
2GZHRRLFQ0OT6OX3OP8OKEGRDBJHQ4,"Wage Negotiation Survey","",2DI0JG5TYMNIFRHQWK0S3SHX7ERHLS,ASNKB49CANOGH,Approved,"Sun Mar 23 01:15:42 PDT 2014","Sun Mar 23 01:15:58 PDT 2014","data/tests/wage_survey.csv","/Users/etosch/dev/SurveyMan-public/output/wage_survey_survey1_1395531737917.csv","{""quid"":""q_2_4"",""oid"":""comp_3_5"",""qpos"":0,""opos"":0}",1400134068566,
2GZHRRLFQ0OT6OX3OP8OKEGRDBJHQ4,"Wage Negotiation Survey","",2LJI8IUB2YUFRCNEGQ23W0FBPMU7JI,A2W1973BT2VH3R,Approved,"Sun Mar 23 04:13:01 PDT 2014","Sun Mar 23 04:18:02 PDT 2014","data/tests/wage_survey.csv","/Users/etosch/dev/SurveyMan-public/output/wage_survey_survey1_1395531737917.csv","{""quid"":""q_409_4"",""oid"":""comp_410_5"",""qpos"":13,""opos"":1}",1395573429579,"{""quid"":""q_2_4"",""oid"":""comp_3_5"",""qpos"":0,""opos"":0}",1395573429579,"{""quid"":""q_474_4"",""oid"":""comp_475_5"",""qpos"":1,""opos"":2}",1395573429579,"{""quid"":""q_470_4"",""oid"":""comp_472_5"",""qpos"":2,""opos"":2}",1395573429579,"{""quid"":""q_466_4"",""oid"":""comp_467_5"",""qpos"":3,""opos"":2}",1395573429579,"{""quid"":""q_360_4"",""oid"":""comp_361_5"",""qpos"":4,""opos"":1}",1395573429579,"{""quid"":""q_422_4"",""oid"":""comp_423_5"",""qpos"":5,""opos"":3}",1395573429579,"{""quid"":""q_362_4"",""oid"":""comp_364_5"",""qpos"":6,""opos"":0}",1395573429579,"{""quid"":""q_395_4"",""oid"":""comp_396_5"",""qpos"":7,""opos"":5}",1395573429579,"{""quid"":""q_387_4"",""oid"":""comp_387_5"",""qpos"":8,""opos"":0}",1395573429579,"{""quid"":""q_402_4"",""oid"":""comp_403_5"",""qpos"":9,""opos"":1}",1395573429579,"{""quid"":""q_427_4"",""oid"":""comp_429_5"",""qpos"":10,""opos"":2}",1395573429579,"{""quid"":""q_462_4"",""oid"":""comp_463_5"",""qpos"":11,""opos"":2}",1395573429579,"{""quid"":""q_494_4"",""oid"":""comp_495_5"",""qpos"":12,""opos"":2}",1395573429579,
2GZHRRLFQ0OT6OX3OP8OKEGRDBJHQ4,"Wage Negotiation Survey","",2MYSK9RJ85O51SK39F1PXOOQBR9U63,A19ZOKX8M6VWOO,Approved,"Sun Mar 23 05:34:57 PDT 2014","Sun Mar 23 05:36:39 PDT 2014","data/tests/wage_survey.csv","/Users/etosch/dev/SurveyMan-public/output/wage_survey_survey1_1395531737917.csv","{""quid"":""q_110_4"",""oid"":""comp_110_5"",""qpos"":5,""opos"":0}",1395578175396,"{""quid"":""q_2_4"",""oid"":""comp_2_5"",""qpos"":0,""opos"":0}",1395578175396,"{""quid"":""q_4_4"",""oid"":""comp_93_5"",""qpos"":1,""opos"":89}",1395578175396,"{""quid"":""q_101_4"",""oid"":""comp_101_5"",""qpos"":2,""opos"":0}",1395578175396,"{""quid"":""q_105_4"",""oid"":""comp_106_5"",""qpos"":3,""opos"":1}",1395578175396,"{""quid"":""q_107_4"",""oid"":""comp_107_5"",""qpos"":4,""opos"":0}",1395578175396,
2GZHRRLFQ0OT6OX3OP8OKEGRDBJHQ4,"Wage Negotiation Survey","",29PR24SMEZZ85BQ8AEL809Y3E6L2JA,A221FSWO28B4YF,Approved,"Sun Mar 23 09:14:55 PDT 2014","Sun Mar 23 09:16:21 PDT 2014","data/tests/wage_survey.csv","/Users/etosch/dev/SurveyMan-public/output/wage_survey_survey1_1395531737917.csv","{""quid"":""q_2_4"",""oid"":""comp_2_5"",""qpos"":0,""opos"":0}",1395591374685,
2GZHRRLFQ0OT6OX3OP8OKEGRDBJHQ4,"Wage Negotiation Survey","",23QMNCWYB49LSLYE42S1UONSZI5RNH,AKTHHEAXN22MJ,Approved,"Sun Mar 23 09:14:56 PDT 2014","Sun Mar 23 09:26:57 PDT 2014","data/tests/wage_survey.csv","/Users/etosch/dev/SurveyMan-public/output/wage_survey_survey1_1395531737917.csv","{""quid"":""q_110_4"",""oid"":""comp_110_5"",""qpos"":5,""opos"":0}",1395591934586,"{""quid"":""q_2_4"",""oid"":""comp_2_5"",""qpos"":0,""opos"":0}",1395591934586,"{""quid"":""q_4_4"",""oid"":""comp_87_5"",""qpos"":1,""opos"":83}",1395591934586,"{""quid"":""q_101_4"",""oid"":""comp_102_5"",""qpos"":2,""opos"":1}",1395591934586,"{""quid"":""q_105_4"",""oid"":""comp_106_5"",""qpos"":3,""opos"":1}",1395591934586,"{""quid"":""q_107_4"",""oid"":""comp_107_5"",""qpos"":4,""opos"":0}",1395591934586,
2GZHRRLFQ0OT6OX3OP8OKEGRDBJHQ4,"Wage Negotiation Survey","",2QY7D1X3V0FQJ5U6PO51X7PKQMGDKZ,A1GF29TP5AVQ49,Approved,"Sun Mar 23 10:52:17 PDT 2014","Sun Mar 23 10:56:47 PDT 2014","data/tests/wage_survey.csv","/Users/etosch/dev/SurveyMan-public/output/wage_survey_survey1_1395531737917.csv","{""quid"":""q_107_4"",""oid"":""comp_108_5"",""qpos"":4,""opos"":1}",1395604575850,"{""quid"":""q_2_4"",""oid"":""comp_2_5"",""qpos"":0,""opos"":1}",1395604575850,"{""quid"":""q_4_4"",""oid"":""comp_61_5"",""qpos"":1,""opos"":57}",1395604575850,"{""quid"":""q_101_4"",""oid"":""comp_102_5"",""qpos"":2,""opos"":1}",1395604575850,"{""quid"":""q_105_4"",""oid"":""comp_106_5"",""qpos"":3,""opos"":1}",1395604575850,
2GZHRRLFQ0OT6OX3OP8OKEGRDBJHQ4,"Wage Negotiation Survey","",2BIP6AUC26DMP0JNK8M0QK0CUX1A3N,A2X3D2ZR25VO9Y,Approved,"Sun Mar 23 11:39:46 PDT 2014","Sun Mar 23 11:49:33 PDT 2014","data/tests/wage_survey.csv","/Users/etosch/dev/SurveyMan-public/output/wage_survey_survey1_1395531737917.csv","{""quid"":""q_502_4"",""oid"":""comp_504_5"",""qpos"":4,""opos"":1}",1395600488330,"{""quid"":""q_2_4"",""oid"":""comp_3_5"",""qpos"":0,""opos"":1}",1395600488330,"{""quid"":""q_377_4"",""oid"":""comp_382_5"",""qpos"":1,""opos"":4}",1395600488330,"{""quid"":""q_511_4"",""oid"":""comp_511_5"",""qpos"":2,""opos"":2}",1395600488330,"{""quid"":""q_498_4"",""oid"":""comp_499_5"",""qpos"":3,""opos"":2}",1395600488330,
2GZHRRLFQ0OT6OX3OP8OKEGRDBJHQ4,"Wage Negotiation Survey","",249YW2GTP9RGQLBI96X99SOFDENTOT,ANJRINRP821LY,Approved,"Sun Mar 23 13:14:39 PDT 2014","Sun Mar 23 13:22:19 PDT 2014","data/tests/wage_survey.csv","/Users/etosch/dev/SurveyMan-public/output/wage_survey_survey1_1395531737917.csv","{""quid"":""q_105_4"",""oid"":""comp_106_5"",""qpos"":3,""opos"":1}",1395606127159,"{""quid"":""q_2_4"",""oid"":""comp_2_5"",""qpos"":0,""opos"":1}",1395606127159,"{""quid"":""q_4_4"",""oid"":""comp_6_5"",""qpos"":1,""opos"":2}",1395606127159,"{""quid"":""q_101_4"",""oid"":""comp_103_5"",""qpos"":2,""opos"":2}",1395606127159,
2GZHRRLFQ0OT6OX3OP8OKEGRDBJHQ4,"Wage Negotiation Survey","",2LSHFL42J1L4O1HTPCD0TGFKNRG2N6,A2ZE2IPHK152KA,Approved,"Sun Mar 23 16:22:21 PDT 2014","Sun Mar 23 16:24:17 PDT 2014","data/tests/wage_survey.csv","/Users/etosch/dev/SurveyMan-public/output/wage_survey_survey1_1395531737917.csv","{""quid"":""q_110_4"",""oid"":""comp_111_5"",""qpos"":5,""opos"":1}",1395617042509,"{""quid"":""q_2_4"",""oid"":""comp_2_5"",""qpos"":0,""opos"":0}",1395617042509,"{""quid"":""q_4_4"",""oid"":""comp_91_5"",""qpos"":1,""opos"":87}",1395617042509,"{""quid"":""q_101_4"",""oid"":""comp_102_5"",""qpos"":2,""opos"":1}",1395617042509,"{""quid"":""q_105_4"",""oid"":""comp_106_5"",""qpos"":3,""opos"":1}",1395617042509,"{""quid"":""q_107_4"",""oid"":""comp_108_5"",""qpos"":4,""opos"":1}",1395617042509,
2GZHRRLFQ0OT6OX3OP8OKEGRDBJHQ4,"Wage Negotiation Survey","",2BWIXKO2L92NX52WT2UYZCCF6Q7DE4,A25PXKGSG8FL55,Approved,"Sun Mar 23 17:38:02 PDT 2014","Sun Mar 23 17:39:43 PDT 2014","data/tests/wage_survey.csv","/Users/etosch/dev/SurveyMan-public/output/wage_survey_survey1_1395531737917.csv","{""quid"":""q_110_4"",""oid"":""comp_111_5"",""qpos"":5,""opos"":1}",1395621674487,"{""quid"":""q_2_4"",""oid"":""comp_2_5"",""qpos"":0,""opos"":0}",1395621674487,"{""quid"":""q_4_4"",""oid"":""comp_95_5"",""qpos"":1,""opos"":91}",1395621674487,"{""quid"":""q_101_4"",""oid"":""comp_102_5"",""qpos"":2,""opos"":1}",1395621674487,"{""quid"":""q_105_4"",""oid"":""comp_105_5"",""qpos"":3,""opos"":0}",1395621674487,"{""quid"":""q_107_4"",""oid"":""comp_108_5"",""qpos"":4,""opos"":1}",1395621674487,
2GZHRRLFQ0OT6OX3OP8OKEGRDBJHQ4,"Wage Negotiation Survey","",2CWE6AUBXHWY00L7WEMBAWDRRBR2Y3,A29596IRI5QGNS,Approved,"Sun Mar 23 18:40:57 PDT 2014","Sun Mar 23 18:42:25 PDT 2014","data/tests/wage_survey.csv","/Users/etosch/dev/SurveyMan-public/output/wage_survey_survey1_1395531737917.csv","{""quid"":""q_389_4"",""oid"":""comp_389_5"",""qpos"":2,""opos"":0}",1395625336002,"{""quid"":""q_2_4"",""oid"":""comp_3_5"",""qpos"":0,""opos"":0}",1395625336002,"{""quid"":""q_360_4"",""oid"":""comp_361_5"",""qpos"":1,""opos"":0}",1395625336002,
2GZHRRLFQ0OT6OX3OP8OKEGRDBJHQ4,"Wage Negotiation Survey","",2GUNJQ2172ZFSJNSYPCC6EBU7HFQYF,A6Z1WJQAKC0PH,Approved,"Sun Mar 23 21:30:21 PDT 2014","Sun Mar 23 21:32:10 PDT 2014","data/tests/wage_survey.csv","/Users/etosch/dev/SurveyMan-public/output/wage_survey_survey1_1395531737917.csv","{""quid"":""q_2_4"",""oid"":""comp_3_5"",""qpos"":0,""opos"":0}",1395635525337,
2GZHRRLFQ0OT6OX3OP8OKEGRDBJHQ4,"Wage Negotiation Survey","",23YS8SV7WGKIVOR7QH13EMHAV55Q0L,AKK8GB7UY4YAN,Approved,"Mon Mar 24 00:20:30 PDT 2014","Mon Mar 24 00:22:40 PDT 2014","data/tests/wage_survey.csv","/Users/etosch/dev/SurveyMan-public/output/wage_survey_survey1_1395531737917.csv","{""quid"":""q_478_4"",""oid"":""comp_479_5"",""qpos"":17,""opos"":1}",1395645631542,"{""quid"":""q_2_4"",""oid"":""comp_3_5"",""qpos"":0,""opos"":0}",1395645631542,"{""quid"":""q_409_4"",""oid"":""comp_411_5"",""qpos"":1,""opos"":0}",1395645631542,"{""quid"":""q_456_4"",""oid"":""comp_456_5"",""qpos"":2,""opos"":0}",1395645631542,"{""quid"":""q_356_4"",""oid"":""comp_357_5"",""qpos"":3,""opos"":2}",1395645631542,"{""quid"":""q_486_4"",""oid"":""comp_487_5"",""qpos"":4,""opos"":2}",1395645631542,"{""quid"":""q_511_4"",""oid"":""comp_512_5"",""qpos"":5,""opos"":1}",1395645631542,"{""quid"":""q_395_4"",""oid"":""comp_396_5"",""qpos"":6,""opos"":1}",1395645631542,"{""quid"":""q_494_4"",""oid"":""comp_494_5"",""qpos"":7,""opos"":3}",1395645631542,"{""quid"":""q_365_4"",""oid"":""comp_365_5"",""qpos"":8,""opos"":2}",1395645631542,"{""quid"":""q_412_4"",""oid"":""comp_413_5"",""qpos"":9,""opos"":1}",1395645631542,"{""quid"":""q_462_4"",""oid"":""comp_463_5"",""qpos"":10,""opos"":2}",1395645631542,"{""quid"":""q_470_4"",""oid"":""comp_472_5"",""qpos"":11,""opos"":2}",1395645631542,"{""quid"":""q_387_4"",""oid"":""comp_387_5"",""qpos"":12,""opos"":1}",1395645631542,"{""quid"":""q_450_4"",""oid"":""comp_450_5"",""qpos"":13,""opos"":0}|{""quid"":""q_450_4"",""oid"":""comp_451_5"",""qpos"":13,""opos"":1}|{""quid"":""q_450_4"",""oid"":""comp_452_5"",""qpos"":13,""opos"":2}|{""quid"":""q_450_4"",""oid"":""comp_453_5"",""qpos"":13,""opos"":3}|{""quid"":""q_450_4"",""oid"":""comp_454_5"",""qpos"":13,""opos"":4}|{""quid"":""q_450_4"",""oid"":""comp_455_5"",""qpos"":13,""opos"":5}",1395645631542,"{""quid"":""q_360_4"",""oid"":""comp_361_5"",""qpos"":14,""opos"":1}",1395645631542,"{""quid"":""q_362_4"",""oid"":""comp_363_5"",""qpos"":15,""opos"":1}",1395645631542,"{""quid"":""q_482_4"",""oid"":""comp_483_5"",""qpos"":16,""opos"":2}",1395645631542,
2GZHRRLFQ0OT6OX3OP8OKEGRDBJHQ4,"Wage Negotiation Survey","",2HW6OQ1SNQQD9ZDMS6HKNNR188U6Q5,AB3EPLA83G1IZ,Approved,"Mon Mar 24 02:03:07 PDT 2014","Mon Mar 24 02:07:42 PDT 2014","data/tests/wage_survey.csv","/Users/etosch/dev/SurveyMan-public/output/wage_survey_survey1_1395531737917.csv","{""quid"":""q_2_4"",""oid"":""comp_3_5"",""qpos"":0,""opos"":0}",1395652055502,
2GZHRRLFQ0OT6OX3OP8OKEGRDBJHQ4,"Wage Negotiation Survey","",2VSXULRGNTBPMFSZKA6PIN62QWG6SV,A3FW5BYH9GOUSK,Approved,"Mon Mar 24 02:59:30 PDT 2014","Mon Mar 24 03:03:55 PDT 2014","data/tests/wage_survey.csv","/Users/etosch/dev/SurveyMan-public/output/wage_survey_survey1_1395531737917.csv","{""quid"":""q_458_4"",""oid"":""comp_458_5"",""qpos"":9,""opos"":0}|{""quid"":""q_458_4"",""oid"":""comp_459_5"",""qpos"":9,""opos"":1}|{""quid"":""q_458_4"",""oid"":""comp_461_5"",""qpos"":9,""opos"":3}",1395655179656,"{""quid"":""q_2_4"",""oid"":""comp_3_5"",""qpos"":0,""opos"":0}",1395655179656,"{""quid"":""q_482_4"",""oid"":""comp_484_5"",""qpos"":1,""opos"":2}",1395655179656,"{""quid"":""q_470_4"",""oid"":""comp_471_5"",""qpos"":2,""opos"":2}",1395655179656,"{""quid"":""q_356_4"",""oid"":""comp_357_5"",""qpos"":3,""opos"":2}",1395655179656,"{""quid"":""q_422_4"",""oid"":""comp_423_5"",""qpos"":4,""opos"":3}",1395655179656,"{""quid"":""q_462_4"",""oid"":""comp_463_5"",""qpos"":5,""opos"":1}",1395655179656,"{""quid"":""q_502_4"",""oid"":""comp_504_5"",""qpos"":6,""opos"":2}",1395655179656,"{""quid"":""q_362_4"",""oid"":""comp_362_5"",""qpos"":7,""opos"":2}",1395655179656,"{""quid"":""q_466_4"",""oid"":""comp_467_5"",""qpos"":8,""opos"":2}",1395655179656,
2GZHRRLFQ0OT6OX3OP8OKEGRDBJHQ4,"Wage Negotiation Survey","",2KNKI62NJQ27QV5VWV86MKLC1TGMU1,A20VQ66XTPBM1Y,Approved,"Mon Mar 24 03:17:06 PDT 2014","Mon Mar 24 03:18:28 PDT 2014","data/tests/wage_survey.csv","/Users/etosch/dev/SurveyMan-public/output/wage_survey_survey1_1395531737917.csv","{""quid"":""q_101_4"",""oid"":""comp_104_5"",""qpos"":2,""opos"":3}",1395656290626,"{""quid"":""q_2_4"",""oid"":""comp_2_5"",""qpos"":0,""opos"":0}",1395656290626,"{""quid"":""q_4_4"",""oid"":""comp_93_5"",""qpos"":1,""opos"":89}",1395656290626,
2GZHRRLFQ0OT6OX3OP8OKEGRDBJHQ4,"Wage Negotiation Survey","",2CFJKM05BMJZDA4IPLKPKRA7YK1ID7,A3O9M7W2KCYAMJ,Approved,"Mon Mar 24 03:45:34 PDT 2014","Mon Mar 24 03:47:48 PDT 2014","data/tests/wage_survey.csv","/Users/etosch/dev/SurveyMan-public/output/wage_survey_survey1_1395531737917.csv","{""quid"":""q_2_4"",""oid"":""comp_3_5"",""qpos"":0,""opos"":1}",1395658063268,
2GZHRRLFQ0OT6OX3OP8OKEGRDBJHQ4,"Wage Negotiation Survey","",2UG2L92HECWGPQ9KBH3FBCP5QCWHIH,A3I4F61TCBA72B,Approved,"Mon Mar 24 04:58:47 PDT 2014","Mon Mar 24 05:02:05 PDT 2014","data/tests/wage_survey.csv","/Users/etosch/dev/SurveyMan-public/output/wage_survey_survey1_1395531737917.csv","{""quid"":""q_362_4"",""oid"":""comp_362_5"",""qpos"":2,""opos"":2}",1395662506970,"{""quid"":""q_2_4"",""oid"":""comp_3_5"",""qpos"":0,""opos"":0}",1395662506970,"{""quid"":""q_391_4"",""oid"":""comp_392_5"",""qpos"":1,""opos"":2}",1395662506970,
2GZHRRLFQ0OT6OX3OP8OKEGRDBJHQ4,"Wage Negotiation Survey","",2MYSK9RJ85O51SK39F1PXOOQBT36UD,A2BXPMGJ66K3ZS,Approved,"Mon Mar 24 05:05:45 PDT 2014","Mon Mar 24 05:08:41 PDT 2014","data/tests/wage_survey.csv","/Users/etosch/dev/SurveyMan-public/output/wage_survey_survey1_1395531737917.csv","{""quid"":""q_470_4"",""oid"":""comp_472_5"",""qpos"":8,""opos"":2}",1395662894606,"{""quid"":""q_2_4"",""oid"":""comp_3_5"",""qpos"":0,""opos"":1}",1395662894606,"{""quid"":""q_490_4"",""oid"":""comp_491_5"",""qpos"":1,""opos"":2}",1395662894606,"{""quid"":""q_427_4"",""oid"":""comp_428_5"",""qpos"":2,""opos"":2}",1395662894606,"{""quid"":""q_259_4"",""oid"":""comp_345_5"",""qpos"":3,""opos"":10}",1395662894606,"{""quid"":""q_474_4"",""oid"":""comp_475_5"",""qpos"":4,""opos"":2}",1395662894606,"{""quid"":""q_365_4"",""oid"":""comp_365_5"",""qpos"":5,""opos"":0}",1395662894606,"{""quid"":""q_389_4"",""oid"":""comp_389_5"",""qpos"":6,""opos"":1}",1395662894606,"{""quid"":""q_462_4"",""oid"":""comp_462_5"",""qpos"":7,""opos"":0}",1395662894606,
2GZHRRLFQ0OT6OX3OP8OKEGRDBJHQ4,"Wage Negotiation Survey","",20M8Y1THV8EXSREFAP9MASM5QUP0NF,A2Q9AI41EH40ME,Approved,"Mon Mar 24 05:11:50 PDT 2014","Mon Mar 24 05:12:51 PDT 2014","data/tests/wage_survey.csv",1395663109571,"{""quid"":""q_4_4"",""oid"":""comp_84_5"",""qpos"":1,""opos"":80}","/Users/etosch/dev/SurveyMan-public/output/wage_survey_survey1_1395531737917.csv",1395663109571,"{""quid"":""q_2_4"",""oid"":""comp_2_5"",""qpos"":0,""opos"":1}",
2GZHRRLFQ0OT6OX3OP8OKEGRDBJHQ4,"Wage Negotiation Survey","",2DYXBAT2D5NWHGB1QVRJR5TYS2K26R,A1IIS53RHR01J3,Approved,"Mon Mar 24 05:42:21 PDT 2014","Mon Mar 24 05:44:30 PDT 2014","data/tests/wage_survey.csv","/Users/etosch/dev/SurveyMan-public/output/wage_survey_survey1_1395531737917.csv","{""quid"":""q_110_4"",""oid"":""comp_110_5"",""qpos"":5,""opos"":0}",1395665050718,"{""quid"":""q_2_4"",""oid"":""comp_2_5"",""qpos"":0,""opos"":0}",1395665050718,"{""quid"":""q_4_4"",""oid"":""comp_86_5"",""qpos"":1,""opos"":82}",1395665050718,"{""quid"":""q_101_4"",""oid"":""comp_101_5"",""qpos"":2,""opos"":0}",1395665050718,"{""quid"":""q_105_4"",""oid"":""comp_105_5"",""qpos"":3,""opos"":0}",1395665050718,"{""quid"":""q_107_4"",""oid"":""comp_107_5"",""qpos"":4,""opos"":0}",1395665050718,
2GZHRRLFQ0OT6OX3OP8OKEGRDBJHQ4,"Wage Negotiation Survey","",273NVP3TVOKBD8PRO3YQPOZF45114P,A18IDQ6DKR1KFN,Approved,"Mon Mar 24 05:50:21 PDT 2014","Mon Mar 24 05:52:08 PDT 2014","data/tests/wage_survey.csv","/Users/etosch/dev/SurveyMan-public/output/wage_survey_survey1_1395531737917.csv","{""quid"":""q_110_4"",""oid"":""comp_110_5"",""qpos"":5,""opos"":0}",1395665509697,"{""quid"":""q_2_4"",""oid"":""comp_2_5"",""qpos"":0,""opos"":0}",1395665509697,"{""quid"":""q_4_4"",""oid"":""comp_78_5"",""qpos"":1,""opos"":74}",1395665509697,"{""quid"":""q_101_4"",""oid"":""comp_102_5"",""qpos"":2,""opos"":1}",1395665509697,"{""quid"":""q_105_4"",""oid"":""comp_106_5"",""qpos"":3,""opos"":1}",1395665509697,"{""quid"":""q_107_4"",""oid"":""comp_107_5"",""qpos"":4,""opos"":0}",1395665509697,
2GZHRRLFQ0OT6OX3OP8OKEGRDBJHQ4,"Wage Negotiation Survey","",27P2Q45UUKQUH9T4J6ESJOG07FHUCW,A2HIDXVSRFBOWZ,Approved,"Mon Mar 24 06:55:56 PDT 2014","Mon Mar 24 06:58:47 PDT 2014","data/tests/wage_survey.csv","/Users/etosch/dev/SurveyMan-public/output/wage_survey_survey1_1395531737917.csv","{""quid"":""q_4_4"",""oid"":""comp_98_5"",""qpos"":1,""opos"":94}",1395669444842,"{""quid"":""q_2_4"",""oid"":""comp_2_5"",""qpos"":0,""opos"":0}",1395669444842,
2GZHRRLFQ0OT6OX3OP8OKEGRDBJHQ4,"Wage Negotiation Survey","",2MPKNQY2RCJQPW5H188RBKUIG5L3ST,AHPSD3ANF5SWT,Approved,"Mon Mar 24 07:03:41 PDT 2014","Mon Mar 24 07:07:20 PDT 2014","data/tests/wage_survey.csv","/Users/etosch/dev/SurveyMan-public/output/wage_survey_survey1_1395531737917.csv","{""quid"":""q_107_4"",""oid"":""comp_107_5"",""qpos"":4,""opos"":0}",1395670025760,"{""quid"":""q_2_4"",""oid"":""comp_2_5"",""qpos"":0,""opos"":0}",1395670025760,"{""quid"":""q_4_4"",""oid"":""comp_95_5"",""qpos"":1,""opos"":91}",1395670025760,"{""quid"":""q_101_4"",""oid"":""comp_101_5"",""qpos"":2,""opos"":0}",1395670025760,"{""quid"":""q_105_4"",""oid"":""comp_106_5"",""qpos"":3,""opos"":1}",1395670025760,
2GZHRRLFQ0OT6OX3OP8OKEGRDBJHQ4,"Wage Negotiation Survey","",2PSOHOVR14I33H87W78ENWA63IB67G,A3QJDP116O759Z,Approved,"Mon Mar 24 07:23:03 PDT 2014","Mon Mar 24 07:31:37 PDT 2014","data/tests/wage_survey.csv","/Users/etosch/dev/SurveyMan-public/output/wage_survey_survey1_1395531737917.csv","{""quid"":""q_478_4"",""oid"":""comp_479_5"",""qpos"":12,""opos"":2}",1395671393431,"{""quid"":""q_2_4"",""oid"":""comp_3_5"",""qpos"":0,""opos"":1}",1395671393431,"{""quid"":""q_362_4"",""oid"":""comp_363_5"",""qpos"":1,""opos"":1}",1395671393431,"{""quid"":""q_360_4"",""oid"":""comp_361_5"",""qpos"":2,""opos"":0}",1395671393431,"{""quid"":""q_377_4"",""oid"":""comp_386_5"",""qpos"":3,""opos"":9}",1395671393431,"{""quid"":""q_427_4"",""oid"":""comp_428_5"",""qpos"":4,""opos"":1}",1395671393431,"{""quid"":""q_433_4"",""oid"":""comp_435_5"",""qpos"":5,""opos"":2}",1395671393431,"{""quid"":""q_486_4"",""oid"":""comp_488_5"",""qpos"":6,""opos"":1}",1395671393431,"{""quid"":""q_389_4"",""oid"":""comp_389_5"",""qpos"":7,""opos"":1}",1395671393431,"{""quid"":""q_420_4"",""oid"":""comp_420_5"",""qpos"":8,""opos"":1}",1395671393431,"{""quid"":""q_482_4"",""oid"":""comp_483_5"",""qpos"":9,""opos"":1}",1395671393431,"{""quid"":""q_259_4"",""oid"":""comp_306_5"",""qpos"":10,""opos"":49}",1395671393431,"{""quid"":""q_494_4"",""oid"":""comp_495_5"",""qpos"":11,""opos"":1}",1395671393431,
2GZHRRLFQ0OT6OX3OP8OKEGRDBJHQ4,"Wage Negotiation Survey","",2UXUFJ51Y7QK7SLKDXSC3TMOLC6AD5,A1KV3LDWB5CPDW,Approved,"Mon Mar 24 08:23:32 PDT 2014","Mon Mar 24 08:23:58 PDT 2014","data/tests/wage_survey.csv","/Users/etosch/dev/SurveyMan-public/output/wage_survey_survey1_1395531737917.csv","{""quid"":""q_431_4"",""oid"":""comp_431_5"",""qpos"":2,""opos"":1}",1395674626263,"{""quid"":""q_2_4"",""oid"":""comp_3_5"",""qpos"":0,""opos"":0}",1395674626263,"{""quid"":""q_365_4"",""oid"":""comp_365_5"",""qpos"":1,""opos"":0}",1395674626263,
2GZHRRLFQ0OT6OX3OP8OKEGRDBJHQ4,"Wage Negotiation Survey","",2UU74J79KQWCK1TQTZOFND453R0HJ8,A38BDPVGRN2MEV,Approved,"Mon Mar 24 09:26:21 PDT 2014","Mon Mar 24 09:34:57 PDT 2014","data/tests/wage_survey.csv","/Users/etosch/dev/SurveyMan-public/output/wage_survey_survey1_1395531737917.csv","{""quid"":""q_414_4"",""oid"":""comp_414_5"",""qpos"":10,""opos"":0}",1395678824292,"{""quid"":""q_2_4"",""oid"":""comp_3_5"",""qpos"":0,""opos"":0}",1395678824292,"{""quid"":""q_362_4"",""oid"":""comp_362_5"",""qpos"":1,""opos"":0}",1395678824292,"{""quid"":""q_402_4"",""oid"":""comp_403_5"",""qpos"":2,""opos"":5}",1395678824292,"{""quid"":""q_387_4"",""oid"":""comp_387_5"",""qpos"":3,""opos"":0}",1395678824292,"{""quid"":""q_389_4"",""oid"":""comp_389_5"",""qpos"":4,""opos"":1}",1395678824292,"{""quid"":""q_490_4"",""oid"":""comp_491_5"",""qpos"":5,""opos"":2}",1395678824292,"{""quid"":""q_494_4"",""oid"":""comp_495_5"",""qpos"":6,""opos"":1}",1395678824292,"{""quid"":""q_409_4"",""oid"":""comp_410_5"",""qpos"":7,""opos"":1}",1395678824292,"{""quid"":""q_420_4"",""oid"":""comp_421_5"",""qpos"":8,""opos"":1}",1395678824292,"{""quid"":""q_422_4"",""oid"":""comp_423_5"",""qpos"":9,""opos"":3}",1395678824292,
2GZHRRLFQ0OT6OX3OP8OKEGRDBJHQ4,"Wage Negotiation Survey","",28M98JHSTLB94TLX6E9OMJEJXTNRFI,APZ4EWTGR27ZA,Approved,"Mon Mar 24 09:44:48 PDT 2014","Mon Mar 24 09:46:16 PDT 2014","data/tests/wage_survey.csv","/Users/etosch/dev/SurveyMan-public/output/wage_survey_survey1_1395531737917.csv","{""quid"":""q_110_4"",""oid"":""comp_110_5"",""qpos"":5,""opos"":0}",1395679535711,"{""quid"":""q_2_4"",""oid"":""comp_2_5"",""qpos"":0,""opos"":1}",1395679535711,"{""quid"":""q_4_4"",""oid"":""comp_95_5"",""qpos"":1,""opos"":91}",1395679535711,"{""quid"":""q_101_4"",""oid"":""comp_101_5"",""qpos"":2,""opos"":0}",1395679535711,"{""quid"":""q_105_4"",""oid"":""comp_105_5"",""qpos"":3,""opos"":0}",1395679535711,"{""quid"":""q_107_4"",""oid"":""comp_107_5"",""qpos"":4,""opos"":0}",1395679535711,
2GZHRRLFQ0OT6OX3OP8OKEGRDBJHQ4,"Wage Negotiation Survey","",239V8ER9Y8TT3BSLFRWKQHS2U1Z5S8,A13HA2K0RUU0W0,Approved,"Mon Mar 24 09:57:50 PDT 2014","Mon Mar 24 10:01:52 PDT 2014","data/tests/wage_survey.csv","/Users/etosch/dev/SurveyMan-public/output/wage_survey_survey1_1395531737917.csv","{""quid"":""q_110_4"",""oid"":""comp_110_5"",""qpos"":5,""opos"":0}",1395680494319,"{""quid"":""q_2_4"",""oid"":""comp_2_5"",""qpos"":0,""opos"":0}",1395680494319,"{""quid"":""q_4_4"",""oid"":""comp_94_5"",""qpos"":1,""opos"":90}",1395680494319,"{""quid"":""q_101_4"",""oid"":""comp_101_5"",""qpos"":2,""opos"":0}",1395680494319,"{""quid"":""q_105_4"",""oid"":""comp_105_5"",""qpos"":3,""opos"":0}",1395680494319,"{""quid"":""q_107_4"",""oid"":""comp_107_5"",""qpos"":4,""opos"":0}",1395680494319,
2GZHRRLFQ0OT6OX3OP8OKEGRDBJHQ4,"Wage Negotiation Survey","",2GPBAT2D5NQ46YLPD5AGGTYMTT2738,A2IQEJT7WE5PZV,Approved,"Mon Mar 24 12:47:37 PDT 2014","Mon Mar 24 12:54:07 PDT 2014","data/tests/wage_survey.csv","/Users/etosch/dev/SurveyMan-public/output/wage_survey_survey1_1395531737917.csv","{""quid"":""q_431_4"",""oid"":""comp_432_5"",""qpos"":5,""opos"":0}",1395690817079,"{""quid"":""q_2_4"",""oid"":""comp_3_5"",""qpos"":0,""opos"":1}",1395690817079,"{""quid"":""q_412_4"",""oid"":""comp_413_5"",""qpos"":1,""opos"":0}",1395690817079,"{""quid"":""q_502_4"",""oid"":""comp_502_5"",""qpos"":2,""opos"":0}",1395690817079,"{""quid"":""q_409_4"",""oid"":""comp_409_5"",""qpos"":3,""opos"":2}",1395690817079,"{""quid"":""q_391_4"",""oid"":""comp_393_5"",""qpos"":4,""opos"":2}",1395690817079,
2GZHRRLFQ0OT6OX3OP8OKEGRDBJHQ4,"Wage Negotiation Survey","",2QHGSNTL0XURA9TFYOUMXDX5L6F0MJ,A2GKTUMQOKZXMG,Approved,"Mon Mar 24 13:11:01 PDT 2014","Mon Mar 24 13:16:51 PDT 2014","data/tests/wage_survey.csv","/Users/etosch/dev/SurveyMan-public/output/wage_survey_survey1_1395531737917.csv","{""quid"":""q_422_4"",""oid"":""comp_423_5"",""qpos"":12,""opos"":1}",1395692149628,"{""quid"":""q_2_4"",""oid"":""comp_3_5"",""qpos"":0,""opos"":0}",1395692149628,"{""quid"":""q_486_4"",""oid"":""comp_487_5"",""qpos"":1,""opos"":1}",1395692149628,"{""quid"":""q_391_4"",""oid"":""comp_391_5"",""qpos"":2,""opos"":0}",1395692149628,"{""quid"":""q_416_4"",""oid"":""comp_417_5"",""qpos"":3,""opos"":1}",1395692149628,"{""quid"":""q_377_4"",""oid"":""comp_385_5"",""qpos"":4,""opos"":8}",1395692149628,"{""quid"":""q_431_4"",""oid"":""comp_432_5"",""qpos"":5,""opos"":1}",1395692149628,"{""quid"":""q_490_4"",""oid"":""comp_493_5"",""qpos"":6,""opos"":0}",1395692149628,"{""quid"":""q_502_4"",""oid"":""comp_505_5"",""qpos"":7,""opos"":0}",1395692149628,"{""quid"":""q_494_4"",""oid"":""comp_495_5"",""qpos"":8,""opos"":1}",1395692149628,"{""quid"":""q_365_4"",""oid"":""comp_366_5"",""qpos"":9,""opos"":1}",1395692149628,"{""quid"":""q_389_4"",""oid"":""comp_389_5"",""qpos"":10,""opos"":1}",1395692149628,"{""quid"":""q_462_4"",""oid"":""comp_463_5"",""qpos"":11,""opos"":1}",1395692149628,
2GZHRRLFQ0OT6OX3OP8OKEGRDBJHQ4,"Wage Negotiation Survey","",28M98JHSTLB94TLX6E9OMJEJXV2FRP,AF8KEA2127EAN,Approved,"Mon Mar 24 13:16:20 PDT 2014","Mon Mar 24 13:18:21 PDT 2014","data/tests/wage_survey.csv","/Users/etosch/dev/SurveyMan-public/output/wage_survey_survey1_1395531737917.csv","{""quid"":""q_395_4"",""oid"":""comp_396_5"",""qpos"":4,""opos"":5}",1395692287521,"{""quid"":""q_2_4"",""oid"":""comp_3_5"",""qpos"":0,""opos"":1}",1395692287521,"{""quid"":""q_490_4"",""oid"":""comp_493_5"",""qpos"":1,""opos"":0}",1395692287521,"{""quid"":""q_478_4"",""oid"":""comp_479_5"",""qpos"":2,""opos"":1}",1395692287521,"{""quid"":""q_511_4"",""oid"":""comp_512_5"",""qpos"":3,""opos"":1}",1395692287521,
2GZHRRLFQ0OT6OX3OP8OKEGRDBJHQ4,"Wage Negotiation Survey","",3E337GFOLAK4ISMUJEI06B55F3VNGA,A2ZFS2QYJKC83I,Approved,"Mon Mar 24 14:33:02 PDT 2014","Mon Mar 24 14:34:49 PDT 2014","data/tests/wage_survey.csv","/Users/etosch/dev/SurveyMan-public/output/wage_survey_survey1_1395531737917.csv","{""quid"":""q_498_4"",""oid"":""comp_500_5"",""qpos"":21,""opos"":1}",1395696795954,"{""quid"":""q_2_4"",""oid"":""comp_3_5"",""qpos"":0,""opos"":0}",1395696795954,"{""quid"":""q_433_4"",""oid"":""comp_433_5"",""qpos"":1,""opos"":0}",1395696795954,"{""quid"":""q_478_4"",""oid"":""comp_479_5"",""qpos"":2,""opos"":2}",1395696795954,"{""quid"":""q_377_4"",""oid"":""comp_379_5"",""qpos"":3,""opos"":7}",1395696795954,"{""quid"":""q_409_4"",""oid"":""comp_409_5"",""qpos"":4,""opos"":2}",1395696795954,"{""quid"":""q_470_4"",""oid"":""comp_472_5"",""qpos"":5,""opos"":1}",1395696795954,"{""quid"":""q_387_4"",""oid"":""comp_387_5"",""qpos"":6,""opos"":0}",1395696795954,"{""quid"":""q_502_4"",""oid"":""comp_505_5"",""qpos"":7,""opos"":3}",1395696795954,"{""quid"":""q_362_4"",""oid"":""comp_363_5"",""qpos"":8,""opos"":1}",1395696795954,"{""quid"":""q_486_4"",""oid"":""comp_489_5"",""qpos"":9,""opos"":0}",1395696795954,"{""quid"":""q_365_4"",""oid"":""comp_366_5"",""qpos"":10,""opos"":1}",1395696795954,"{""quid"":""q_466_4"",""oid"":""comp_467_5"",""qpos"":11,""opos"":2}",1395696795954,"{""quid"":""q_356_4"",""oid"":""comp_357_5"",""qpos"":12,""opos"":1}",1395696795954,"{""quid"":""q_389_4"",""oid"":""comp_389_5"",""qpos"":13,""opos"":1}",1395696795954,"{""quid"":""q_427_4"",""oid"":""comp_428_5"",""qpos"":14,""opos"":1}",1395696795954,"{""quid"":""q_462_4"",""oid"":""comp_463_5"",""qpos"":15,""opos"":1}",1395696795954,"{""quid"":""q_259_4"",""oid"":""comp_333_5"",""qpos"":16,""opos"":22}",1395696795954,"{""quid"":""q_494_4"",""oid"":""comp_494_5"",""qpos"":17,""opos"":3}",1395696795954,"{""quid"":""q_474_4"",""oid"":""comp_476_5"",""qpos"":18,""opos"":2}",1395696795954,"{""quid"":""q_490_4"",""oid"":""comp_492_5"",""qpos"":19,""opos"":2}",1395696795954,"{""quid"":""q_416_4"",""oid"":""comp_417_5"",""qpos"":20,""opos"":1}",1395696795954,
2GZHRRLFQ0OT6OX3OP8OKEGRDBJHQ4,"Wage Negotiation Survey","",36ZN444YTSA0W4S1AHIG6CIQKQ2IOM,A3N2EZNZP5IKB6,Approved,"Mon Mar 24 17:29:09 PDT 2014","Mon Mar 24 17:31:04 PDT 2014","data/tests/wage_survey.csv","/Users/etosch/dev/SurveyMan-public/output/wage_survey_survey1_1395531737917.csv",1395707348533,"{""quid"":""q_2_4"",""oid"":""comp_3_5"",""qpos"":0,""opos"":0}",1395707348533,"{""quid"":""q_431_4"",""oid"":""comp_432_5"",""qpos"":1,""opos"":0}",1395707348533,"{""quid"":""q_402_4"",""oid"":""comp_402_5"",""qpos"":2,""opos"":6}",1395707348533,"{""quid"":""q_511_4"",""oid"":""comp_513_5"",""qpos"":3,""opos"":2}",1395707348533,"{""quid"":""q_498_4"",""oid"":""comp_501_5"",""qpos"":4,""opos"":3}",1395707348533,"{""quid"":""q_414_4"",""oid"":""comp_414_5"",""qpos"":5,""opos"":1}",1395707348533,"{""quid"":""q_387_4"",""oid"":""comp_387_5"",""qpos"":6,""opos"":0}",1395707348533,"{""quid"":""q_422_4"",""oid"":""comp_425_5"",""qpos"":7,""opos"":1}",1395707348533,
2GZHRRLFQ0OT6OX3OP8OKEGRDBJHQ4,"Wage Negotiation Survey","",3WQQ9FUS6B6NO4RFXQ13N3ODAWU8BI,A2CK0OXMPOR9LE,Approved,"Mon Mar 24 21:17:56 PDT 2014","Mon Mar 24 21:19:29 PDT 2014","data/tests/wage_survey.csv","/Users/etosch/dev/SurveyMan-public/output/wage_survey_survey1_1395531737917.csv","{""quid"":""q_462_4"",""oid"":""comp_463_5"",""qpos"":3,""opos"":2}",1395721153508,"{""quid"":""q_2_4"",""oid"":""comp_3_5"",""qpos"":0,""opos"":0}",1395721153508,"{""quid"":""q_498_4"",""oid"":""comp_499_5"",""qpos"":1,""opos"":2}",1395721153508,"{""quid"":""q_422_4"",""oid"":""comp_422_5"",""qpos"":2,""opos"":0}",1395721153508,
2GZHRRLFQ0OT6OX3OP8OKEGRDBJHQ4,"Wage Negotiation Survey","",3M68NM076IJN0XPG08QV34XQMN76R7,A2ILH54I3ZGRW4,Approved,"Mon Mar 24 21:24:42 PDT 2014","Mon Mar 24 21:26:21 PDT 2014","data/tests/wage_survey.csv","/Users/etosch/dev/SurveyMan-public/output/wage_survey_survey1_1395531737917.csv","{""quid"":""q_107_4"",""oid"":""comp_108_5"",""qpos"":4,""opos"":1}",1395721565415,"{""quid"":""q_2_4"",""oid"":""comp_2_5"",""qpos"":0,""opos"":0}",1395721565415,"{""quid"":""q_4_4"",""oid"":""comp_84_5"",""qpos"":1,""opos"":80}",1395721565415,"{""quid"":""q_101_4"",""oid"":""comp_101_5"",""qpos"":2,""opos"":0}",1395721565415,"{""quid"":""q_105_4"",""oid"":""comp_106_5"",""qpos"":3,""opos"":1}",1395721565415,
2GZHRRLFQ0OT6OX3OP8OKEGRDBJHQ4,"Wage Negotiation Survey","",3QBD8R3Z22V6OXTMPSGCCB87F9HO4V,A177EXELDLWTWV,Approved,"Mon Mar 24 21:21:15 PDT 2014","Mon Mar 24 21:29:12 PDT 2014","data/tests/wage_survey.csv","/Users/etosch/dev/SurveyMan-public/output/wage_survey_survey1_1395531737917.csv","{""quid"":""q_511_4"",""oid"":""comp_511_5"",""qpos"":18,""opos"":0}",1395721693158,"{""quid"":""q_2_4"",""oid"":""comp_3_5"",""qpos"":0,""opos"":1}",1395721693158,"{""quid"":""q_482_4"",""oid"":""comp_482_5"",""qpos"":1,""opos"":0}",1395721693158,"{""quid"":""q_498_4"",""oid"":""comp_498_5"",""qpos"":2,""opos"":0}",1395721693158,"{""quid"":""q_402_4"",""oid"":""comp_402_5"",""qpos"":3,""opos"":0}",1395721693158,"{""quid"":""q_502_4"",""oid"":""comp_504_5"",""qpos"":4,""opos"":1}",1395721693158,"{""quid"":""q_259_4"",""oid"":""comp_352_5"",""qpos"":5,""opos"":3}",1395721693158,"{""quid"":""q_420_4"",""oid"":""comp_420_5"",""qpos"":6,""opos"":0}",1395721693158,"{""quid"":""q_490_4"",""oid"":""comp_493_5"",""qpos"":7,""opos"":0}",1395721693158,"{""quid"":""q_360_4"",""oid"":""comp_361_5"",""qpos"":8,""opos"":0}",1395721693158,"{""quid"":""q_409_4"",""oid"":""comp_409_5"",""qpos"":9,""opos"":2}",1395721693158,"{""quid"":""q_362_4"",""oid"":""comp_363_5"",""qpos"":10,""opos"":1}",1395721693158,"{""quid"":""q_356_4"",""oid"":""comp_356_5"",""qpos"":11,""opos"":0}",1395721693158,"{""quid"":""q_456_4"",""oid"":""comp_456_5"",""qpos"":12,""opos"":0}",1395721693158,"{""quid"":""q_427_4"",""oid"":""comp_430_5"",""qpos"":13,""opos"":0}",1395721693158,"{""quid"":""q_466_4"",""oid"":""comp_467_5"",""qpos"":14,""opos"":2}",1395721693158,"{""quid"":""q_414_4"",""oid"":""comp_414_5"",""qpos"":15,""opos"":1}",1395721693158,"{""quid"":""q_389_4"",""oid"":""comp_389_5"",""qpos"":16,""opos"":0}",1395721693158,"{""quid"":""q_478_4"",""oid"":""comp_479_5"",""qpos"":17,""opos"":2}",1395721693158,
2GZHRRLFQ0OT6OX3OP8OKEGRDBJHQ4,"Wage Negotiation Survey","",3TXWC2NHN02MJVRRD4TCDOTOYQZ9SA,A2FASKXUKT7TEO,Approved,"Mon Mar 24 21:25:34 PDT 2014","Mon Mar 24 21:30:34 PDT 2014","data/tests/wage_survey.csv","/Users/etosch/dev/SurveyMan-public/output/wage_survey_survey1_1395531737917.csv","{""quid"":""q_110_4"",""oid"":""comp_111_5"",""qpos"":5,""opos"":1}",1395721802378,"{""quid"":""q_2_4"",""oid"":""comp_2_5"",""qpos"":0,""opos"":1}",1395721802378,"{""quid"":""q_4_4"",""oid"":""comp_92_5"",""qpos"":1,""opos"":88}",1395721802378,"{""quid"":""q_101_4"",""oid"":""comp_102_5"",""qpos"":2,""opos"":1}",1395721802378,"{""quid"":""q_105_4"",""oid"":""comp_106_5"",""qpos"":3,""opos"":1}",1395721802378,"{""quid"":""q_107_4"",""oid"":""comp_108_5"",""qpos"":4,""opos"":1}",1395721802378,
2GZHRRLFQ0OT6OX3OP8OKEGRDBJHQ4,"Wage Negotiation Survey","",31LVTDXBL8M5JISNNCWXSNFNCIWRL0,A1TCDXSTE1RA6S,Approved,"Mon Mar 24 21:29:02 PDT 2014","Mon Mar 24 21:31:48 PDT 2014","data/tests/wage_survey.csv","/Users/etosch/dev/SurveyMan-public/output/wage_survey_survey1_1395531737917.csv","{""quid"":""q_365_4"",""oid"":""comp_366_5"",""qpos"":1,""opos"":1}",1395721894782,"{""quid"":""q_2_4"",""oid"":""comp_3_5"",""qpos"":0,""opos"":0}",1395721894782,
2GZHRRLFQ0OT6OX3OP8OKEGRDBJHQ4,"Wage Negotiation Survey","",3BGYGHDBBYWIECPUYGZRCJ86UQQ228,A3EJ44J2ZNRMDA,Approved,"Mon Mar 24 21:28:29 PDT 2014","Mon Mar 24 21:33:17 PDT 2014","data/tests/wage_survey.csv","/Users/etosch/dev/SurveyMan-public/output/wage_survey_survey1_1395531737917.csv","{""quid"":""q_181_4"",""oid"":""comp_183_5"",""qpos"":22,""opos"":2}",1395721893834,"{""quid"":""q_2_4"",""oid"":""comp_2_5"",""qpos"":0,""opos"":0}",1395721893834,"{""quid"":""q_4_4"",""oid"":""comp_74_5"",""qpos"":1,""opos"":70}",1395721893834,"{""quid"":""q_101_4"",""oid"":""comp_101_5"",""qpos"":2,""opos"":0}",1395721893834,"{""quid"":""q_105_4"",""oid"":""comp_106_5"",""qpos"":3,""opos"":1}",1395721893834,"{""quid"":""q_107_4"",""oid"":""comp_108_5"",""qpos"":4,""opos"":1}",1395721893834,"{""quid"":""q_110_4"",""oid"":""comp_111_5"",""qpos"":5,""opos"":1}",1395721893834,"{""quid"":""q_113_4"",""oid"":""comp_113_5"",""qpos"":6,""opos"":0}",1395721893834,"{""quid"":""q_122_4"",""oid"":""comp_127_5"",""qpos"":7,""opos"":5}",1395721893834,"{""quid"":""q_132_4"",""oid"":""comp_132_5"",""qpos"":8,""opos"":0}",1395721893834,"{""quid"":""q_134_4"",""oid"":""comp_134_5"",""qpos"":9,""opos"":0}",1395721893834,"{""quid"":""q_136_4"",""oid"":""comp_136_5"",""qpos"":10,""opos"":0}",1395721893834,"{""quid"":""q_140_4"",""oid"":""comp_141_5"",""qpos"":11,""opos"":1}",1395721893834,"{""quid"":""q_147_4"",""oid"":""comp_148_5"",""qpos"":12,""opos"":1}",1395721893834,"{""quid"":""q_154_4"",""oid"":""comp_156_5"",""qpos"":13,""opos"":2}",1395721893834,"{""quid"":""q_157_4"",""oid"":""comp_158_5"",""qpos"":14,""opos"":1}",1395721893834,"{""quid"":""q_159_4"",""oid"":""comp_160_5"",""qpos"":15,""opos"":1}",1395721893834,"{""quid"":""q_161_4"",""oid"":""comp_164_5"",""qpos"":16,""opos"":3}",1395721893834,"{""quid"":""q_165_4"",""oid"":""comp_165_5"",""qpos"":17,""opos"":0}",1395721893834,"{""quid"":""q_167_4"",""oid"":""comp_167_5"",""qpos"":18,""opos"":0}",1395721893834,"{""quid"":""q_172_4"",""oid"":""comp_175_5"",""qpos"":19,""opos"":3}",1395721893834,"{""quid"":""q_176_4"",""oid"":""comp_176_5"",""qpos"":20,""opos"":0}",1395721893834,"{""quid"":""q_178_4"",""oid"":""comp_178_5"",""qpos"":21,""opos"":0}",1395721893834,
2GZHRRLFQ0OT6OX3OP8OKEGRDBJHQ4,"Wage Negotiation Survey","",3P529IW9KZX8GSNEWHW3BY149UMFLU,A3UEZXOQ09SO0F,Approved,"Mon Mar 24 21:32:34 PDT 2014","Mon Mar 24 21:33:31 PDT 2014","data/tests/wage_survey.csv","/Users/etosch/dev/SurveyMan-public/output/wage_survey_survey1_1395531737917.csv","{""quid"":""q_444_4"",""oid"":""comp_449_5"",""qpos"":1,""opos"":0}|{""quid"":""q_444_4"",""oid"":""comp_447_5"",""qpos"":1,""opos"":2}|{""quid"":""q_444_4"",""oid"":""comp_446_5"",""qpos"":1,""opos"":3}|{""quid"":""q_444_4"",""oid"":""comp_445_5"",""qpos"":1,""opos"":4}|{""quid"":""q_444_4"",""oid"":""comp_444_5"",""qpos"":1,""opos"":5}",1395721955771,"{""quid"":""q_2_4"",""oid"":""comp_3_5"",""qpos"":0,""opos"":0}",1395721955771,
2GZHRRLFQ0OT6OX3OP8OKEGRDBJHQ4,"Wage Negotiation Survey","",3CFJTT4SXU2TBY02TV1EVQWVU2AI7G,A2LEY4X3LD8G26,Approved,"Mon Mar 24 21:53:59 PDT 2014","Mon Mar 24 21:54:50 PDT 2014","data/tests/wage_survey.csv","/Users/etosch/dev/SurveyMan-public/output/wage_survey_survey1_1395531737917.csv","{""quid"":""q_110_4"",""oid"":""comp_111_5"",""qpos"":5,""opos"":1}",1395723236777,"{""quid"":""q_2_4"",""oid"":""comp_2_5"",""qpos"":0,""opos"":0}",1395723236777,"{""quid"":""q_4_4"",""oid"":""comp_90_5"",""qpos"":1,""opos"":86}",1395723236777,"{""quid"":""q_101_4"",""oid"":""comp_101_5"",""qpos"":2,""opos"":0}",1395723236777,"{""quid"":""q_105_4"",""oid"":""comp_106_5"",""qpos"":3,""opos"":1}",1395723236777,"{""quid"":""q_107_4"",""oid"":""comp_108_5"",""qpos"":4,""opos"":1}",1395723236777,
2GZHRRLFQ0OT6OX3OP8OKEGRDBJHQ4,"Wage Negotiation Survey","",3R2PKQ87NXKCW17PX133E8TLPR5MIV,A2LZ9KG42SZ3I0,Approved,"Mon Mar 24 22:26:44 PDT 2014","Mon Mar 24 22:28:07 PDT 2014","data/tests/wage_survey.csv","/Users/etosch/dev/SurveyMan-public/output/wage_survey_survey1_1395531737917.csv","{""quid"":""q_4_4"",""oid"":""comp_93_5"",""qpos"":1,""opos"":89}",1395725192170,"{""quid"":""q_2_4"",""oid"":""comp_2_5"",""qpos"":0,""opos"":0}",1395725192170,
2GZHRRLFQ0OT6OX3OP8OKEGRDBJHQ4,"Wage Negotiation Survey","",3TOK3KHVJUU37KB5RQEJFNSH6BA7O1,A3EQBJDOI9XVFR,Approved,"Mon Mar 24 22:30:47 PDT 2014","Mon Mar 24 22:33:03 PDT 2014","data/tests/wage_survey.csv","/Users/etosch/dev/SurveyMan-public/output/wage_survey_survey1_1395531737917.csv","{""quid"":""q_416_4"",""oid"":""comp_417_5"",""qpos"":2,""opos"":2}",1395725573908,"{""quid"":""q_2_4"",""oid"":""comp_3_5"",""qpos"":0,""opos"":0}",1395725573908,"{""quid"":""q_391_4"",""oid"":""comp_392_5"",""qpos"":1,""opos"":1}",1395725573908,
2GZHRRLFQ0OT6OX3OP8OKEGRDBJHQ4,"Wage Negotiation Survey","",336YQZE83WQ0KDCAQHK9PZPGK505M5,A2YEXXMJ5EDJFI,Approved,"Mon Mar 24 22:41:46 PDT 2014","Mon Mar 24 22:43:00 PDT 2014","data/tests/wage_survey.csv","/Users/etosch/dev/SurveyMan-public/output/wage_survey_survey1_1395531737917.csv","{""quid"":""q_2_4"",""oid"":""comp_3_5"",""qpos"":0,""opos"":0}",1395726228915,
2GZHRRLFQ0OT6OX3OP8OKEGRDBJHQ4,"Wage Negotiation Survey","",3ZDAD0O1T2PDZRM45K4G3WBS7C5XT7,A15QK669FJLFBK,Approved,"Mon Mar 24 22:41:59 PDT 2014","Mon Mar 24 22:45:45 PDT 2014","data/tests/wage_survey.csv","/Users/etosch/dev/SurveyMan-public/output/wage_survey_survey1_1395531737917.csv","{""quid"":""q_110_4"",""oid"":""comp_111_5"",""qpos"":5,""opos"":1}",1395726328486,"{""quid"":""q_2_4"",""oid"":""comp_2_5"",""qpos"":0,""opos"":0}",1395726328486,"{""quid"":""q_4_4"",""oid"":""comp_89_5"",""qpos"":1,""opos"":85}",1395726328486,"{""quid"":""q_101_4"",""oid"":""comp_101_5"",""qpos"":2,""opos"":0}",1395726328486,"{""quid"":""q_105_4"",""oid"":""comp_106_5"",""qpos"":3,""opos"":1}",1395726328486,"{""quid"":""q_107_4"",""oid"":""comp_107_5"",""qpos"":4,""opos"":0}",1395726328486,
2GZHRRLFQ0OT6OX3OP8OKEGRDBJHQ4,"Wage Negotiation Survey","",31Z0PCVWULRJKCGDN70I9XY45JST7A,A3DYW97U2K2QB2,Approved,"Mon Mar 24 23:47:26 PDT 2014","Mon Mar 24 23:50:37 PDT 2014","data/tests/wage_survey.csv","/Users/etosch/dev/SurveyMan-public/output/wage_survey_survey1_1395531737917.csv","{""quid"":""q_2_4"",""oid"":""comp_2_5"",""qpos"":0,""opos"":0}",1395730218765,
2GZHRRLFQ0OT6OX3OP8OKEGRDBJHQ4,"Wage Negotiation Survey","",3QILPRALQ67PPDGC0G6CEYO7RLF8NE,A2DMYS1TO6ZAI1,Approved,"Tue Mar 25 01:31:22 PDT 2014","Tue Mar 25 01:36:54 PDT 2014","data/tests/wage_survey.csv","/Users/etosch/dev/SurveyMan-public/output/wage_survey_survey1_1395531737917.csv","{""quid"":""q_494_4"",""oid"":""comp_495_5"",""qpos"":14,""opos"":1}",1395736536134,"{""quid"":""q_2_4"",""oid"":""comp_3_5"",""qpos"":0,""opos"":0}",1395736536134,"{""quid"":""q_490_4"",""oid"":""comp_493_5"",""qpos"":1,""opos"":3}",1395736536134,"{""quid"":""q_478_4"",""oid"":""comp_480_5"",""qpos"":2,""opos"":2}",1395736536134,"{""quid"":""q_462_4"",""oid"":""comp_463_5"",""qpos"":3,""opos"":1}",1395736536134,"{""quid"":""q_431_4"",""oid"":""comp_431_5"",""qpos"":4,""opos"":0}",1395736536134,"{""quid"":""q_422_4"",""oid"":""comp_424_5"",""qpos"":5,""opos"":2}",1395736536134,"{""quid"":""q_414_4"",""oid"":""comp_414_5"",""qpos"":6,""opos"":0}",1395736536134,"{""quid"":""q_458_4"",""oid"":""comp_458_5"",""qpos"":7,""opos"":0}|{""quid"":""q_458_4"",""oid"":""comp_459_5"",""qpos"":7,""opos"":1}|{""quid"":""q_458_4"",""oid"":""comp_460_5"",""qpos"":7,""opos"":2}|{""quid"":""q_458_4"",""oid"":""comp_461_5"",""qpos"":7,""opos"":3}",1395736536134,"{""quid"":""q_389_4"",""oid"":""comp_389_5"",""qpos"":8,""opos"":0}",1395736536134,"{""quid"":""q_427_4"",""oid"":""comp_429_5"",""qpos"":9,""opos"":1}",1395736536134,"{""quid"":""q_412_4"",""oid"":""comp_413_5"",""qpos"":10,""opos"":1}",1395736536134,"{""quid"":""q_474_4"",""oid"":""comp_476_5"",""qpos"":11,""opos"":2}",1395736536134,"{""quid"":""q_502_4"",""oid"":""comp_504_5"",""qpos"":12,""opos"":1}",1395736536134,"{""quid"":""q_377_4"",""oid"":""comp_382_5"",""qpos"":13,""opos"":5}",1395736536134,
2GZHRRLFQ0OT6OX3OP8OKEGRDBJHQ4,"Wage Negotiation Survey","",3VBEN272MLB1Y5EZRAZM55FB231GSF,A1OPS71SYR0XCG,Approved,"Tue Mar 25 02:33:52 PDT 2014","Tue Mar 25 02:38:07 PDT 2014","data/tests/wage_survey.csv","/Users/etosch/dev/SurveyMan-public/output/wage_survey_survey1_1395531737917.csv","{""quid"":""q_2_4"",""oid"":""comp_2_5"",""qpos"":0,""opos"":1}",1395740277606,
2GZHRRLFQ0OT6OX3OP8OKEGRDBJHQ4,"Wage Negotiation Survey","",3R8YZBNQ9IU6SWOL636N4SNHLCXQ7X,A213MWROVZM4HA,Approved,"Tue Mar 25 03:07:21 PDT 2014","Tue Mar 25 03:12:13 PDT 2014","data/tests/wage_survey.csv","/Users/etosch/dev/SurveyMan-public/output/wage_survey_survey1_1395531737917.csv","{""quid"":""q_389_4"",""oid"":""comp_389_5"",""qpos"":16,""opos"":1}",1395742072952,"{""quid"":""q_2_4"",""oid"":""comp_3_5"",""qpos"":0,""opos"":0}",1395742072952,"{""quid"":""q_462_4"",""oid"":""comp_464_5"",""qpos"":1,""opos"":1}",1395742072952,"{""quid"":""q_444_4"",""oid"":""comp_444_5"",""qpos"":2,""opos"":0}|{""quid"":""q_444_4"",""oid"":""comp_445_5"",""qpos"":2,""opos"":1}|{""quid"":""q_444_4"",""oid"":""comp_446_5"",""qpos"":2,""opos"":2}|{""quid"":""q_444_4"",""oid"":""comp_447_5"",""qpos"":2,""opos"":3}|{""quid"":""q_444_4"",""oid"":""comp_448_5"",""qpos"":2,""opos"":4}|{""quid"":""q_444_4"",""oid"":""comp_449_5"",""qpos"":2,""opos"":5}",1395742072952,"{""quid"":""q_506_4"",""oid"":""comp_508_5"",""qpos"":3,""opos"":2}",1395742072952,"{""quid"":""q_433_4"",""oid"":""comp_435_5"",""qpos"":4,""opos"":2}",1395742072952,"{""quid"":""q_259_4"",""oid"":""comp_351_5"",""qpos"":5,""opos"":4}",1395742072952,"{""quid"":""q_466_4"",""oid"":""comp_468_5"",""qpos"":6,""opos"":1}",1395742072952,"{""quid"":""q_427_4"",""oid"":""comp_429_5"",""qpos"":7,""opos"":2}",1395742072952,"{""quid"":""q_474_4"",""oid"":""comp_477_5"",""qpos"":8,""opos"":3}",1395742072952,"{""quid"":""q_395_4"",""oid"":""comp_396_5"",""qpos"":9,""opos"":5}",1395742072952,"{""quid"":""q_450_4"",""oid"":""comp_455_5"",""qpos"":10,""opos"":0}|{""quid"":""q_450_4"",""oid"":""comp_454_5"",""qpos"":10,""opos"":1}|{""quid"":""q_450_4"",""oid"":""comp_453_5"",""qpos"":10,""opos"":2}|{""quid"":""q_450_4"",""oid"":""comp_452_5"",""qpos"":10,""opos"":3}|{""quid"":""q_450_4"",""oid"":""comp_451_5"",""qpos"":10,""opos"":4}|{""quid"":""q_450_4"",""oid"":""comp_450_5"",""qpos"":10,""opos"":5}",1395742072952,"{""quid"":""q_494_4"",""oid"":""comp_495_5"",""qpos"":11,""opos"":2}",1395742072952,"{""quid"":""q_356_4"",""oid"":""comp_356_5"",""qpos"":12,""opos"":0}",1395742072952,"{""quid"":""q_458_4"",""oid"":""comp_458_5"",""qpos"":13,""opos"":0}|{""quid"":""q_458_4"",""oid"":""comp_459_5"",""qpos"":13,""opos"":1}|{""quid"":""q_458_4"",""oid"":""comp_460_5"",""qpos"":13,""opos"":2}|",1395742072952,"{""quid"":""q_478_4"",""oid"":""comp_480_5"",""qpos"":14,""opos"":2}",1395742072952,"{""quid"":""q_490_4"",""oid"":""comp_492_5"",""qpos"":15,""opos"":2}",1395742072952,
2GZHRRLFQ0OT6OX3OP8OKEGRDBJHQ4,"Wage Negotiation Survey","",37Z929RLGAK53A05BAYT4OU0SXAST1,A2FS4CFA35R6CN,Approved,"Tue Mar 25 04:25:16 PDT 2014","Tue Mar 25 04:30:43 PDT 2014","data/tests/wage_survey.csv","/Users/etosch/dev/SurveyMan-public/output/wage_survey_survey1_1395531737917.csv","{""quid"":""q_470_4"",""oid"":""comp_471_5"",""qpos"":4,""opos"":2}",1395746957026,"{""quid"":""q_2_4"",""oid"":""comp_3_5"",""qpos"":0,""opos"":1}",1395746957026,"{""quid"":""q_412_4"",""oid"":""comp_413_5"",""qpos"":1,""opos"":1}",1395746957026,"{""quid"":""q_466_4"",""oid"":""comp_467_5"",""qpos"":2,""opos"":1}",1395746957026,"{""quid"":""q_416_4"",""oid"":""comp_418_5"",""qpos"":3,""opos"":2}",1395746957026,
2GZHRRLFQ0OT6OX3OP8OKEGRDBJHQ4,"Wage Negotiation Survey","",3X4JMASXCNL56FMC2MOOUOIVRYT0BY,A185NPNSQBF2YH,Approved,"Tue Mar 25 04:59:21 PDT 2014","Tue Mar 25 05:07:46 PDT 2014","data/tests/wage_survey.csv","/Users/etosch/dev/SurveyMan-public/output/wage_survey_survey1_1395531737917.csv","{""quid"":""q_498_4"",""oid"":""comp_498_5"",""qpos"":27,""opos"":0}",1395748763640,"{""quid"":""q_2_4"",""oid"":""comp_3_5"",""qpos"":0,""opos"":0}",1395748763640,"{""quid"":""q_422_4"",""oid"":""comp_423_5"",""qpos"":1,""opos"":3}",1395748763640,"{""quid"":""q_466_4"",""oid"":""comp_466_5"",""qpos"":2,""opos"":0}",1395748763640,"{""quid"":""q_377_4"",""oid"":""comp_385_5"",""qpos"":3,""opos"":1}",1395748763640,"{""quid"":""q_427_4"",""oid"":""comp_429_5"",""qpos"":4,""opos"":1}",1395748763640,"{""quid"":""q_414_4"",""oid"":""comp_414_5"",""qpos"":5,""opos"":0}",1395748763640,"{""quid"":""q_389_4"",""oid"":""comp_389_5"",""qpos"":6,""opos"":1}",1395748763640,"{""quid"":""q_259_4"",""oid"":""comp_341_5"",""qpos"":7,""opos"":14}",1395748763640,"{""quid"":""q_409_4"",""oid"":""comp_409_5"",""qpos"":8,""opos"":0}",1395748763640,"{""quid"":""q_511_4"",""oid"":""comp_512_5"",""qpos"":9,""opos"":1}",1395748763640,"{""quid"":""q_486_4"",""oid"":""comp_489_5"",""qpos"":10,""opos"":0}",1395748763640,"{""quid"":""q_462_4"",""oid"":""comp_464_5"",""qpos"":11,""opos"":2}",1395748763640,"{""quid"":""q_456_4"",""oid"":""comp_457_5"",""qpos"":12,""opos"":0}",1395748763640,"{""quid"":""q_416_4"",""oid"":""comp_418_5"",""qpos"":13,""opos"":1}",1395748763640,"{""quid"":""q_494_4"",""oid"":""comp_496_5"",""qpos"":14,""opos"":2}",1395748763640,"{""quid"":""q_391_4"",""oid"":""comp_391_5"",""qpos"":15,""opos"":0}",1395748763640,"{""quid"":""q_444_4"",""oid"":""comp_447_5"",""qpos"":16,""opos"":2}|{""quid"":""q_444_4"",""oid"":""comp_446_5"",""qpos"":16,""opos"":3}|{""quid"":""q_444_4"",""oid"":""comp_445_5"",""qpos"":16,""opos"":4}|{""quid"":""q_444_4"",""oid"":""comp_444_5"",""qpos"":16,""opos"":5}",1395748763640,"{""quid"":""q_470_4"",""oid"":""comp_473_5"",""qpos"":17,""opos"":0}",1395748763640,"{""quid"":""q_387_4"",""oid"":""comp_387_5"",""qpos"":18,""opos"":0}",1395748763640,"{""quid"":""q_478_4"",""oid"":""comp_479_5"",""qpos"":19,""opos"":1}",1395748763640,"{""quid"":""q_420_4"",""oid"":""comp_420_5"",""qpos"":20,""opos"":1}",1395748763640,"{""quid"":""q_506_4"",""oid"":""comp_508_5"",""qpos"":21,""opos"":2}",1395748763640,"{""quid"":""q_450_4"",""oid"":""comp_450_5"",""qpos"":22,""opos"":0}|{""quid"":""q_450_4"",""oid"":""comp_451_5"",""qpos"":22,""opos"":1}|{""quid"":""q_450_4"",""oid"":""comp_452_5"",""qpos"":22,""opos"":2}|{""quid"":""q_450_4"",""oid"":""comp_453_5"",""qpos"":22,""opos"":3}|{""quid"":""q_450_4"",""oid"":""comp_454_5"",""qpos"":22,""opos"":4}",1395748763640,"{""quid"":""q_502_4"",""oid"":""comp_505_5"",""qpos"":23,""opos"":3}",1395748763640,"{""quid"":""q_395_4"",""oid"":""comp_396_5"",""qpos"":24,""opos"":5}",1395748763640,"{""quid"":""q_482_4"",""oid"":""comp_482_5"",""qpos"":25,""opos"":3}",1395748763640,"{""quid"":""q_365_4"",""oid"":""comp_367_5"",""qpos"":26,""opos"":0}",1395748763640,
2GZHRRLFQ0OT6OX3OP8OKEGRDBJHQ4,"Wage Negotiation Survey","",31QTRG6Q2UP474J7TZHYH0H4KFQYPL,A1N3JSLW80167D,Approved,"Tue Mar 25 06:50:01 PDT 2014","Tue Mar 25 06:50:14 PDT 2014","data/tests/wage_survey.csv","/Users/etosch/dev/SurveyMan-public/output/wage_survey_survey1_1395531737917.csv","{""quid"":""q_2_4"",""oid"":""comp_2_5"",""qpos"":0,""opos"":0}",1395755406433,
2GZHRRLFQ0OT6OX3OP8OKEGRDBJHQ4,"Wage Negotiation Survey","",3RU7GD8VPP57BI7YUTP9ZET33VISPR,AP1C3ZE41AMH1,Approved,"Tue Mar 25 09:55:50 PDT 2014","Tue Mar 25 09:57:42 PDT 2014","data/tests/wage_survey.csv","/Users/etosch/dev/SurveyMan-public/output/wage_survey_survey1_1395531737917.csv","{""quid"":""q_506_4"",""oid"":""comp_506_5"",""qpos"":3,""opos"":0}",1395766650180,"{""quid"":""q_2_4"",""oid"":""comp_3_5"",""qpos"":0,""opos"":1}",1395766650180,"{""quid"":""q_466_4"",""oid"":""comp_469_5"",""qpos"":1,""opos"":0}",1395766650180,"{""quid"":""q_387_4"",""oid"":""comp_387_5"",""qpos"":2,""opos"":0}",1395766650180,
2GZHRRLFQ0OT6OX3OP8OKEGRDBJHQ4,"Wage Negotiation Survey","",3JRJSWSMQIXZUAXTV08XXUMNX8O3EW,A36HF53IV3DWTS,Approved,"Tue Mar 25 12:08:02 PDT 2014","Tue Mar 25 12:11:16 PDT 2014","data/tests/wage_survey.csv","/Users/etosch/dev/SurveyMan-public/output/wage_survey_survey1_1395531737917.csv","{""quid"":""q_494_4"",""oid"":""comp_495_5"",""qpos"":3,""opos"":2}",1395774646180,"{""quid"":""q_2_4"",""oid"":""comp_3_5"",""qpos"":0,""opos"":1}",1395774646180,"{""quid"":""q_391_4"",""oid"":""comp_394_5"",""qpos"":1,""opos"":3}",1395774646180,"{""quid"":""q_360_4"",""oid"":""comp_361_5"",""qpos"":2,""opos"":0}",1395774646180,
2GZHRRLFQ0OT6OX3OP8OKEGRDBJHQ4,"Wage Negotiation Survey","",3TOK3KHVJUU37KB5RQEJFNSH6CH7OA,A9EUK44S0T53J,Approved,"Tue Mar 25 12:21:21 PDT 2014","Tue Mar 25 12:22:49 PDT 2014","data/tests/wage_survey.csv","/Users/etosch/dev/SurveyMan-public/output/wage_survey_survey1_1395531737917.csv","{""quid"":""q_110_4"",""oid"":""comp_111_5"",""qpos"":5,""opos"":1}",1395775338393,"{""quid"":""q_2_4"",""oid"":""comp_2_5"",""qpos"":0,""opos"":0}",1395775338393,"{""quid"":""q_4_4"",""oid"":""comp_97_5"",""qpos"":1,""opos"":93}",1395775338393,"{""quid"":""q_101_4"",""oid"":""comp_101_5"",""qpos"":2,""opos"":0}",1395775338393,"{""quid"":""q_105_4"",""oid"":""comp_106_5"",""qpos"":3,""opos"":1}",1395775338393,"{""quid"":""q_107_4"",""oid"":""comp_108_5"",""qpos"":4,""opos"":1}",1395775338393,
2GZHRRLFQ0OT6OX3OP8OKEGRDBJHQ4,"Wage Negotiation Survey","",3P4MQ7TPPYO6Q2PM02LDE5EEI3RBBY,A309NWNDI32MSU,Approved,"Tue Mar 25 13:00:38 PDT 2014","Tue Mar 25 13:03:31 PDT 2014","data/tests/wage_survey.csv","/Users/etosch/dev/SurveyMan-public/output/wage_survey_survey1_1395531737917.csv","{""quid"":""q_444_4"",""oid"":""comp_444_5"",""qpos"":7,""opos"":0}|{""quid"":""q_444_4"",""oid"":""comp_446_5"",""qpos"":7,""opos"":2}|{""quid"":""q_444_4"",""oid"":""comp_447_5"",""qpos"":7,""opos"":3}|{""quid"":""q_444_4"",""oid"":""comp_448_5"",""qpos"":7,""opos"":4}|{""quid"":""q_444_4"",""oid"":""comp_449_5"",""qpos"":7,""opos"":5}",1395777651155,"{""quid"":""q_2_4"",""oid"":""comp_3_5"",""qpos"":0,""opos"":0}",1395777651155,"{""quid"":""q_433_4"",""oid"":""comp_434_5"",""qpos"":1,""opos"":1}",1395777651155,"{""quid"":""q_387_4"",""oid"":""comp_387_5"",""qpos"":2,""opos"":1}",1395777651155,"{""quid"":""q_506_4"",""oid"":""comp_509_5"",""qpos"":3,""opos"":3}",1395777651155,"{""quid"":""q_360_4"",""oid"":""comp_361_5"",""qpos"":4,""opos"":1}",1395777651155,"{""quid"":""q_494_4"",""oid"":""comp_495_5"",""qpos"":5,""opos"":2}",1395777651155,"{""quid"":""q_456_4"",""oid"":""comp_456_5"",""qpos"":6,""opos"":0}",1395777651155,
2GZHRRLFQ0OT6OX3OP8OKEGRDBJHQ4,"Wage Negotiation Survey","",3X0H8UUIT20XVR4Z6F34R81ZWTMWST,A2MBKTS3G501AG,Approved,"Tue Mar 25 16:42:00 PDT 2014","Tue Mar 25 16:44:11 PDT 2014","data/tests/wage_survey.csv","/Users/etosch/dev/SurveyMan-public/output/wage_survey_survey1_1395531737917.csv","{""quid"":""q_107_4"",""oid"":""comp_108_5"",""qpos"":4,""opos"":1}",1395791037705,"{""quid"":""q_2_4"",""oid"":""comp_2_5"",""qpos"":0,""opos"":0}",1395791037705,"{""quid"":""q_4_4"",""oid"":""comp_88_5"",""qpos"":1,""opos"":84}",1395791037705,"{""quid"":""q_101_4"",""oid"":""comp_101_5"",""qpos"":2,""opos"":0}",1395791037705,"{""quid"":""q_105_4"",""oid"":""comp_106_5"",""qpos"":3,""opos"":1}",1395791037705,
2GZHRRLFQ0OT6OX3OP8OKEGRDBJHQ4,"Wage Negotiation Survey","",3OVHNO1VE7DVNXQMKCSMVD9HCSLZDX,A3SXSBZUCHCBAW,Approved,"Tue Mar 25 18:25:00 PDT 2014","Tue Mar 25 18:27:36 PDT 2014","data/tests/wage_survey.csv","/Users/etosch/dev/SurveyMan-public/output/wage_survey_survey1_1395531737917.csv","{""quid"":""q_416_4"",""oid"":""comp_417_5"",""qpos"":1,""opos"":1}",1395797231700,"{""quid"":""q_2_4"",""oid"":""comp_3_5"",""qpos"":0,""opos"":1}",1395797231700,
2GZHRRLFQ0OT6OX3OP8OKEGRDBJHQ4,"Wage Negotiation Survey","",3U5NZHP4LSEIL9TIJZDAV0M1UMMPHS,A2IICB0FDT3QE2,Approved,"Tue Mar 25 23:26:04 PDT 2014","Tue Mar 25 23:27:15 PDT 2014","data/tests/wage_survey.csv","/Users/etosch/dev/SurveyMan-public/output/wage_survey_survey1_1395531737917.csv","{""quid"":""q_458_4"",""oid"":""comp_461_5"",""qpos"":4,""opos"":0}|{""quid"":""q_458_4"",""oid"":""comp_460_5"",""qpos"":4,""opos"":1}|{""quid"":""q_458_4"",""oid"":""comp_459_5"",""qpos"":4,""opos"":2}",1395815165390,"{""quid"":""q_2_4"",""oid"":""comp_3_5"",""qpos"":0,""opos"":0}",1395815165390,"{""quid"":""q_377_4"",""oid"":""comp_383_5"",""qpos"":1,""opos"":3}",1395815165390,"{""quid"":""q_490_4"",""oid"":""comp_491_5"",""qpos"":2,""opos"":1}",1395815165390,"{""quid"":""q_482_4"",""oid"":""comp_483_5"",""qpos"":3,""opos"":2}",1395815165390,
2GZHRRLFQ0OT6OX3OP8OKEGRDBJHQ4,"Wage Negotiation Survey","",3X73LLYYQ2QIIOH53K0IRBH6U7MHNP,A1FWV52I2YMYZB,Approved,"Tue Mar 25 23:33:19 PDT 2014","Tue Mar 25 23:40:06 PDT 2014","data/tests/wage_survey.csv","/Users/etosch/dev/SurveyMan-public/output/wage_survey_survey1_1395531737917.csv","{""quid"":""q_110_4"",""oid"":""comp_110_5"",""qpos"":5,""opos"":0}",1395815983662,"{""quid"":""q_2_4"",""oid"":""comp_2_5"",""qpos"":0,""opos"":1}",1395815983662,"{""quid"":""q_4_4"",""oid"":""comp_81_5"",""qpos"":1,""opos"":77}",1395815983662,"{""quid"":""q_101_4"",""oid"":""comp_101_5"",""qpos"":2,""opos"":0}",1395815983662,"{""quid"":""q_105_4"",""oid"":""comp_105_5"",""qpos"":3,""opos"":0}",1395815983662,"{""quid"":""q_107_4"",""oid"":""comp_107_5"",""qpos"":4,""opos"":0}",1395815983662,
2GZHRRLFQ0OT6OX3OP8OKEGRDBJHQ4,"Wage Negotiation Survey","",3I33IC7ZWGE7JFKYBVS6I1R46H6A2H,AVKBOD59XEMXW,Approved,"Wed Mar 26 00:59:46 PDT 2014","Wed Mar 26 01:01:41 PDT 2014","data/tests/wage_survey.csv","/Users/etosch/dev/SurveyMan-public/output/wage_survey_survey1_1395531737917.csv","{""quid"":""q_107_4"",""oid"":""comp_107_5"",""qpos"":4,""opos"":0}",1395820864659,"{""quid"":""q_2_4"",""oid"":""comp_2_5"",""qpos"":0,""opos"":0}",1395820864659,"{""quid"":""q_4_4"",""oid"":""comp_88_5"",""qpos"":1,""opos"":84}",1395820864659,"{""quid"":""q_101_4"",""oid"":""comp_102_5"",""qpos"":2,""opos"":1}",1395820864659,"{""quid"":""q_105_4"",""oid"":""comp_105_5"",""qpos"":3,""opos"":0}",1395820864659,
2GZHRRLFQ0OT6OX3OP8OKEGRDBJHQ4,"Wage Negotiation Survey","",3OE22WJIGJ08Q70HJBZYEK11TQDUQS,A9IJW3JXD68PI,Approved,"Wed Mar 26 04:13:18 PDT 2014","Wed Mar 26 04:31:10 PDT 2014","data/tests/wage_survey.csv","/Users/etosch/dev/SurveyMan-public/output/wage_survey_survey1_1395531737917.csv","{""quid"":""q_2_4"",""oid"":""comp_3_5"",""qpos"":0,""opos"":0}",1395833459539,
2GZHRRLFQ0OT6OX3OP8OKEGRDBJHQ4,"Wage Negotiation Survey","",3SKRO2GZ723667BO4I5H7WKVJNW1KG,A2NTZMWNV0SZE0,Approved,"Wed Mar 26 08:16:49 PDT 2014","Wed Mar 26 08:25:15 PDT 2014","data/tests/wage_survey.csv","/Users/etosch/dev/SurveyMan-public/output/wage_survey_survey1_1395531737917.csv","{""quid"":""q_387_4"",""oid"":""comp_387_5"",""qpos"":9,""opos"":1}",1395847488207,"{""quid"":""q_2_4"",""oid"":""comp_3_5"",""qpos"":0,""opos"":0}",1395847488207,"{""quid"":""q_412_4"",""oid"":""comp_412_5"",""qpos"":1,""opos"":1}",1395847488207,"{""quid"":""q_486_4"",""oid"":""comp_488_5"",""qpos"":2,""opos"":1}",1395847488207,"{""quid"":""q_409_4"",""oid"":""comp_410_5"",""qpos"":3,""opos"":1}",1395847488207,"{""quid"":""q_494_4"",""oid"":""comp_496_5"",""qpos"":4,""opos"":2}",1395847488207,"{""quid"":""q_416_4"",""oid"":""comp_419_5"",""qpos"":5,""opos"":3}",1395847488207,"{""quid"":""q_433_4"",""oid"":""comp_433_5"",""qpos"":6,""opos"":2}",1395847488207,"{""quid"":""q_422_4"",""oid"":""comp_424_5"",""qpos"":7,""opos"":2}",1395847488207,"{""quid"":""q_478_4"",""oid"":""comp_480_5"",""qpos"":8,""opos"":1}",1395847488207,
2GZHRRLFQ0OT6OX3OP8OKEGRDBJHQ4,"Wage Negotiation Survey","",3EA3QWIZ4J7G9WX96Y4F0MODJ2ZTI7,A34A9FM9NPXYAW,Approved,"Wed Mar 26 08:41:17 PDT 2014","Wed Mar 26 08:43:59 PDT 2014","data/tests/wage_survey.csv","/Users/etosch/dev/SurveyMan-public/output/wage_survey_survey1_1395531737917.csv","{""quid"":""q_2_4"",""oid"":""comp_2_5"",""qpos"":0,""opos"":0}",1395848634500,
2GZHRRLFQ0OT6OX3OP8OKEGRDBJHQ4,"Wage Negotiation Survey","",3YDGXNSEO0633566IBRGFPI707F48G,A3B3WH3NMJWLG4,Approved,"Wed Mar 26 08:55:15 PDT 2014","Wed Mar 26 09:04:11 PDT 2014","data/tests/wage_survey.csv","/Users/etosch/dev/SurveyMan-public/output/wage_survey_survey1_1395531737917.csv","{""quid"":""q_458_4"",""oid"":""comp_458_5"",""qpos"":18,""opos"":0}|{""quid"":""q_458_4"",""oid"":""comp_459_5"",""qpos"":18,""opos"":1}|{""quid"":""q_458_4"",""oid"":""comp_460_5"",""qpos"":18,""opos"":2} |{""quid"":""q_458_4"",""oid"":""comp_461_5"",""qpos"":18,""opos"":3}",1395849320935,"{""quid"":""q_2_4"",""oid"":""comp_3_5"",""qpos"":0,""opos"":0}",1395849320935,"{""quid"":""q_498_4"",""oid"":""comp_500_5"",""qpos"":1,""opos"":1}",1395849320935,"{""quid"":""q_462_4"",""oid"":""comp_462_5"",""qpos"":2,""opos"":3}",1395849320935,"{""quid"":""q_450_4"",""oid"":""comp_450_5"",""qpos"":3,""opos"":0} |{""quid"":""q_450_4"",""oid"":""comp_451_5"",""qpos"":3,""opos"":1}|{""quid"":""q_450_4"",""oid"":""comp_452_5"",""qpos"":3,""opos"":2}|{""quid"":""q_450_4"",""oid"":""comp_453_5"",""qpos"":3,""opos"":3}|{""quid"":""q_450_4"",""oid"":""comp_454_5"",""qpos"":3,""opos"":4}|{""quid"":""q_450_4"",""oid"":""comp_455_5"",""qpos"":3,""opos"":5}",1395849320935,"{""quid"":""q_420_4"",""oid"":""comp_421_5"",""qpos"":4,""opos"":1}",1395849320935,"{""quid"":""q_502_4"",""oid"":""comp_504_5"",""qpos"":5,""opos"":1}",1395849320935,"{""quid"":""q_506_4"",""oid"":""comp_509_5"",""qpos"":6,""opos"":3}",1395849320935,"{""quid"":""q_490_4"",""oid"":""comp_492_5"",""qpos"":7,""opos"":1}",1395849320935,"{""quid"":""q_486_4"",""oid"":""comp_489_5"",""qpos"":8,""opos"":0}",1395849320935,"{""quid"":""q_433_4"",""oid"":""comp_433_5"",""qpos"":9,""opos"":2}",1395849320935,"{""quid"":""q_478_4"",""oid"":""comp_478_5"",""qpos"":10,""opos"":3}",1395849320935,"{""quid"":""q_395_4"",""oid"":""comp_396_5"",""qpos"":11,""opos"":1}",1395849320935,"{""quid"":""q_362_4"",""oid"":""comp_362_5"",""qpos"":12,""opos"":2}",1395849320935,"{""quid"":""q_494_4"",""oid"":""comp_494_5"",""qpos"":13,""opos"":0}",1395849320935,"{""quid"":""q_470_4"",""oid"":""comp_470_5"",""qpos"":14,""opos"":3}",1395849320935,"{""quid"":""q_444_4"",""oid"":""comp_444_5"",""qpos"":15,""opos"":0} |{""quid"":""q_444_4"",""oid"":""comp_445_5"",""qpos"":15,""opos"":1}|{""quid"":""q_444_4"",""oid"":""comp_446_5"",""qpos"":15,""opos"":2}|{""quid"":""q_444_4"",""oid"":""comp_447_5"",""qpos"":15,""opos"":3}|{""quid"":""q_444_4"",""oid"":""comp_448_5"",""qpos"":15,""opos"":4}|{""quid"":""q_444_4"",""oid"":""comp_449_5"",""qpos"":15,""opos"":5}",1395849320935,"{""quid"":""q_377_4"",""oid"":""comp_382_5"",""qpos"":16,""opos"":4}",1395849320935,"{""quid"":""q_356_4"",""oid"":""comp_356_5"",""qpos"":17,""opos"":3}",1395849320935,
2GZHRRLFQ0OT6OX3OP8OKEGRDBJHQ4,"Wage Negotiation Survey","",3Q8GYXHFEQENBR0JDSQVM3K4QU35C0,A29P98JA4HE82J,Approved,"Wed Mar 26 09:55:50 PDT 2014","Wed Mar 26 10:05:29 PDT 2014","data/tests/wage_survey.csv","/Users/etosch/dev/SurveyMan-public/output/wage_survey_survey1_1395531737917.csv","{""quid"":""q_482_4"",""oid"":""comp_484_5"",""qpos"":18,""opos"":2}",1395853446391,"{""quid"":""q_2_4"",""oid"":""comp_3_5"",""qpos"":0,""opos"":0}",1395853446391,"{""quid"":""q_412_4"",""oid"":""comp_413_5"",""qpos"":1,""opos"":0}",1395853446391,"{""quid"":""q_458_4"",""oid"":""comp_461_5"",""qpos"":2,""opos"":0}|{""quid"":""q_458_4"",""oid"":""comp_460_5"",""qpos"":2,""opos"":1}",1395853446391,"{""quid"":""q_474_4"",""oid"":""comp_476_5"",""qpos"":3,""opos"":1}",1395853446391,"{""quid"":""q_427_4"",""oid"":""comp_427_5"",""qpos"":4,""opos"":3}",1395853446391,"{""quid"":""q_450_4"",""oid"":""comp_450_5"",""qpos"":5,""opos"":0}|{""quid"":""q_450_4"",""oid"":""comp_451_5"",""qpos"":5,""opos"":1}|{""quid"":""q_450_4"",""oid"":""comp_452_5"",""qpos"":5,""opos"":2}|{""quid"":""q_450_4"",""oid"":""comp_453_5"",""qpos"":5,""opos"":3}|{""quid"":""q_450_4"",""oid"":""comp_454_5"",""qpos"":5,""opos"":4}",1395853446391,"{""quid"":""q_506_4"",""oid"":""comp_509_5"",""qpos"":6,""opos"":3}",1395853446391,"{""quid"":""q_360_4"",""oid"":""comp_361_5"",""qpos"":7,""opos"":0}",1395853446391,"{""quid"":""q_490_4"",""oid"":""comp_492_5"",""qpos"":8,""opos"":1}",1395853446391,"{""quid"":""q_431_4"",""oid"":""comp_432_5"",""qpos"":9,""opos"":0}",1395853446391,"{""quid"":""q_377_4"",""oid"":""comp_380_5"",""qpos"":10,""opos"":6}",1395853446391,"{""quid"":""q_486_4"",""oid"":""comp_487_5"",""qpos"":11,""opos"":1}",1395853446391,"{""quid"":""q_387_4"",""oid"":""comp_387_5"",""qpos"":12,""opos"":0}",1395853446391,"{""quid"":""q_362_4"",""oid"":""comp_363_5"",""qpos"":13,""opos"":1}",1395853446391,"{""quid"":""q_433_4"",""oid"":""comp_434_5"",""qpos"":14,""opos"":1}",1395853446391,"{""quid"":""q_502_4"",""oid"":""comp_505_5"",""qpos"":15,""opos"":3}",1395853446391,"{""quid"":""q_402_4"",""oid"":""comp_408_5"",""qpos"":16,""opos"":0}",1395853446391,"{""quid"":""q_259_4"",""oid"":""comp_348_5"",""qpos"":17,""opos"":7}",1395853446391,
2GZHRRLFQ0OT6OX3OP8OKEGRDBJHQ4,"Wage Negotiation Survey","",3DY46V3X3QU2C6R4YI3N8XEUYDI55T,ANNZWPEFDB93C,Approved,"Wed Mar 26 10:19:22 PDT 2014","Wed Mar 26 10:26:59 PDT 2014","data/tests/wage_survey.csv","/Users/etosch/dev/SurveyMan-public/output/wage_survey_survey1_1395531737917.csv","{""quid"":""q_395_4"",""oid"":""comp_395_5"",""qpos"":24,""opos"":0}",1395854688013,"{""quid"":""q_2_4"",""oid"":""comp_3_5"",""qpos"":0,""opos"":0}",1395854688013,"{""quid"":""q_482_4"",""oid"":""comp_482_5"",""qpos"":1,""opos"":3}",1395854688013,"{""quid"":""q_511_4"",""oid"":""comp_511_5"",""qpos"":2,""opos"":2}",1395854688013,"{""quid"":""q_502_4"",""oid"":""comp_505_5"",""qpos"":3,""opos"":3}",1395854688013,"{""quid"":""q_365_4"",""oid"":""comp_366_5"",""qpos"":4,""opos"":1}",1395854688013,"{""quid"":""q_360_4"",""oid"":""comp_361_5"",""qpos"":5,""opos"":0}",1395854688013,"{""quid"":""q_422_4"",""oid"":""comp_423_5"",""qpos"":6,""opos"":3}",1395854688013,"{""quid"":""q_486_4"",""oid"":""comp_486_5"",""qpos"":7,""opos"":0}",1395854688013,"{""quid"":""q_474_4"",""oid"":""comp_474_5"",""qpos"":8,""opos"":3}",1395854688013,"{""quid"":""q_409_4"",""oid"":""comp_410_5"",""qpos"":9,""opos"":1}",1395854688013,"{""quid"":""q_431_4"",""oid"":""comp_432_5"",""qpos"":10,""opos"":0}",1395854688013,"{""quid"":""q_458_4"",""oid"":""comp_460_5"",""qpos"":11,""opos"":1}|{""quid"":""q_458_4"",""oid"":""comp_459_5"",""qpos"":11,""opos"":2}|{""quid"":""q_458_4"",""oid"":""comp_458_5"",""qpos"":11,""opos"":3}",1395854688013,"{""quid"":""q_377_4"",""oid"":""comp_380_5"",""qpos"":12,""opos"":6}",1395854688013,"{""quid"":""q_259_4"",""oid"":""comp_343_5"",""qpos"":13,""opos"":12}",1395854688013,"{""quid"":""q_462_4"",""oid"":""comp_465_5"",""qpos"":14,""opos"":3}",1395854688013,"{""quid"":""q_470_4"",""oid"":""comp_473_5"",""qpos"":15,""opos"":3}",1395854688013,"{""quid"":""q_450_4"",""oid"":""comp_450_5"",""qpos"":16,""opos"":0}|{""quid"":""q_450_4"",""oid"":""comp_451_5"",""qpos"":16,""opos"":1}|{""quid"":""q_450_4"",""oid"":""comp_452_5"",""qpos"":16,""opos"":2}|{""quid"":""q_450_4"",""oid"":""comp_453_5"",""qpos"":16,""opos"":3}|{""quid"":""q_450_4"",""oid"":""comp_454_5"",""qpos"":16,""opos"":4}",1395854688013,"{""quid"":""q_416_4"",""oid"":""comp_417_5"",""qpos"":17,""opos"":1}",1395854688013,"{""quid"":""q_498_4"",""oid"":""comp_498_5"",""qpos"":18,""opos"":0}",1395854688013,"{""quid"":""q_466_4"",""oid"":""comp_466_5"",""qpos"":19,""opos"":3}",1395854688013,"{""quid"":""q_433_4"",""oid"":""comp_435_5"",""qpos"":20,""opos"":2}",1395854688013,"{""quid"":""q_427_4"",""oid"":""comp_428_5"",""qpos"":21,""opos"":1}",1395854688013,"{""quid"":""q_362_4"",""oid"":""comp_363_5"",""qpos"":22,""opos"":1}",1395854688013,"{""quid"":""q_391_4"",""oid"":""comp_394_5"",""qpos"":23,""opos"":3}",1395854688013,
2GZHRRLFQ0OT6OX3OP8OKEGRDBJHQ4,"Wage Negotiation Survey","",3JV9LGBJWUQM0DM6KTIDL05A5H1GOR,A3O3ZCESG04ZPE,Approved,"Wed Mar 26 10:37:01 PDT 2014","Wed Mar 26 10:40:19 PDT 2014","data/tests/wage_survey.csv","/Users/etosch/dev/SurveyMan-public/output/wage_survey_survey1_1395531737917.csv","{""quid"":""q_110_4"",""oid"":""comp_110_5"",""qpos"":5,""opos"":0}",1395855606198,"{""quid"":""q_2_4"",""oid"":""comp_2_5"",""qpos"":0,""opos"":0}",1395855606198,"{""quid"":""q_4_4"",""oid"":""comp_89_5"",""qpos"":1,""opos"":85}",1395855606198,"{""quid"":""q_101_4"",""oid"":""comp_101_5"",""qpos"":2,""opos"":0}",1395855606198,"{""quid"":""q_105_4"",""oid"":""comp_105_5"",""qpos"":3,""opos"":0}",1395855606198,"{""quid"":""q_107_4"",""oid"":""comp_107_5"",""qpos"":4,""opos"":0}",1395855606198,
2GZHRRLFQ0OT6OX3OP8OKEGRDBJHQ4,"Wage Negotiation Survey","",3S06PH7KSSGYS15EC1JU3JP5ZEK1DO,A148IRGH69HSPL,Approved,"Wed Mar 26 13:34:35 PDT 2014","Wed Mar 26 13:37:06 PDT 2014","data/tests/wage_survey.csv","/Users/etosch/dev/SurveyMan-public/output/wage_survey_survey1_1395531737917.csv","{""quid"":""q_2_4"",""oid"":""comp_2_5"",""qpos"":0,""opos"":0}",1395866217163,
2GZHRRLFQ0OT6OX3OP8OKEGRDBJHQ4,"Wage Negotiation Survey","",39L1G8WVWR30A93HJCDIQA3T82X13U,A1ZWE2GUT9LMLS,Approved,"Wed Mar 26 14:22:37 PDT 2014","Wed Mar 26 14:27:10 PDT 2014","data/tests/wage_survey.csv","/Users/etosch/dev/SurveyMan-public/output/wage_survey_survey1_1395531737917.csv","{""quid"":""q_107_4"",""oid"":""comp_109_5"",""qpos"":4,""opos"":2}",1395869213926,"{""quid"":""q_2_4"",""oid"":""comp_2_5"",""qpos"":0,""opos"":0}",1395869213926,"{""quid"":""q_4_4"",""oid"":""comp_81_5"",""qpos"":1,""opos"":77}",1395869213926,"{""quid"":""q_101_4"",""oid"":""comp_102_5"",""qpos"":2,""opos"":1}",1395869213926,"{""quid"":""q_105_4"",""oid"":""comp_105_5"",""qpos"":3,""opos"":0}",1395869213926,
2GZHRRLFQ0OT6OX3OP8OKEGRDBJHQ4,"Wage Negotiation Survey","",3Z4XG4ZF493U17UG2MTLC0F5T358XM,A3DVH2CPNTVZVR,Approved,"Wed Mar 26 14:48:39 PDT 2014","Wed Mar 26 14:51:13 PDT 2014","data/tests/wage_survey.csv","/Users/etosch/dev/SurveyMan-public/output/wage_survey_survey1_1395531737917.csv","{""quid"":""q_110_4"",""oid"":""comp_111_5"",""qpos"":5,""opos"":1}",1395870653917,"{""quid"":""q_2_4"",""oid"":""comp_2_5"",""qpos"":0,""opos"":0}",1395870653917,"{""quid"":""q_4_4"",""oid"":""comp_93_5"",""qpos"":1,""opos"":89}",1395870653917,"{""quid"":""q_101_4"",""oid"":""comp_101_5"",""qpos"":2,""opos"":0}",1395870653917,"{""quid"":""q_105_4"",""oid"":""comp_106_5"",""qpos"":3,""opos"":1}",1395870653917,"{""quid"":""q_107_4"",""oid"":""comp_109_5"",""qpos"":4,""opos"":2}",1395870653917,
2GZHRRLFQ0OT6OX3OP8OKEGRDBJHQ4,"Wage Negotiation Survey","",35DR22AR5EW80AOAQ5YPLJ7UDHG3XS,A2CT0IK0QSFDRS,Approved,"Wed Mar 26 15:54:29 PDT 2014","Wed Mar 26 15:56:45 PDT 2014","data/tests/wage_survey.csv","/Users/etosch/dev/SurveyMan-public/output/wage_survey_survey1_1395531737917.csv","{""quid"":""q_422_4"",""oid"":""comp_424_5"",""qpos"":8,""opos"":2}",1395874583550,"{""quid"":""q_2_4"",""oid"":""comp_3_5"",""qpos"":0,""opos"":1}",1395874583550,"{""quid"":""q_431_4"",""oid"":""comp_432_5"",""qpos"":1,""opos"":0}",1395874583550,"{""quid"":""q_482_4"",""oid"":""comp_482_5"",""qpos"":2,""opos"":3}",1395874583550,"{""quid"":""q_466_4"",""oid"":""comp_466_5"",""qpos"":3,""opos"":0}",1395874583550,"{""quid"":""q_433_4"",""oid"":""comp_435_5"",""qpos"":4,""opos"":0}",1395874583550,"{""quid"":""q_360_4"",""oid"":""comp_361_5"",""qpos"":5,""opos"":0}",1395874583550,"{""quid"":""q_420_4"",""oid"":""comp_420_5"",""qpos"":6,""opos"":1}",1395874583550,"{""quid"":""q_486_4"",""oid"":""comp_486_5"",""qpos"":7,""opos"":3}",1395874583550,
2GZHRRLFQ0OT6OX3OP8OKEGRDBJHQ4,"Wage Negotiation Survey","",3EWIJTFFVPJ3DIYWCDQEVWOGUZM0EM,A27KN0KE5B7GGH,Approved,"Wed Mar 26 16:10:07 PDT 2014","Wed Mar 26 16:16:20 PDT 2014","data/tests/wage_survey.csv","/Users/etosch/dev/SurveyMan-public/output/wage_survey_survey1_1395531737917.csv","{""quid"":""q_456_4"",""oid"":""comp_456_5"",""qpos"":11,""opos"":0}",1395875727950,"{""quid"":""q_2_4"",""oid"":""comp_3_5"",""qpos"":0,""opos"":0}",1395875727950,"{""quid"":""q_387_4"",""oid"":""comp_387_5"",""qpos"":1,""opos"":1}",1395875727950,"{""quid"":""q_474_4"",""oid"":""comp_476_5"",""qpos"":2,""opos"":2}",1395875727950,"{""quid"":""q_422_4"",""oid"":""comp_422_5"",""qpos"":3,""opos"":4}",1395875727950,"{""quid"":""q_409_4"",""oid"":""comp_409_5"",""qpos"":4,""opos"":2}",1395875727950,"{""quid"":""q_462_4"",""oid"":""comp_463_5"",""qpos"":5,""opos"":1}",1395875727950,"{""quid"":""q_362_4"",""oid"":""comp_363_5"",""qpos"":6,""opos"":1}",1395875727950,"{""quid"":""q_360_4"",""oid"":""comp_361_5"",""qpos"":7,""opos"":1}",1395875727950,"{""quid"":""q_356_4"",""oid"":""comp_356_5"",""qpos"":8,""opos"":3}",1395875727950,"{""quid"":""q_482_4"",""oid"":""comp_484_5"",""qpos"":9,""opos"":1}",1395875727950,"{""quid"":""q_494_4"",""oid"":""comp_494_5"",""qpos"":10,""opos"":3}",1395875727950,
2GZHRRLFQ0OT6OX3OP8OKEGRDBJHQ4,"Wage Negotiation Survey","",3KKG4CDWKJA3HAPGN3XUFLDIKEM941,A3N5ELCIZLV8FO,Approved,"Wed Mar 26 16:14:59 PDT 2014","Wed Mar 26 16:17:12 PDT 2014","data/tests/wage_survey.csv","/Users/etosch/dev/SurveyMan-public/output/wage_survey_survey1_1395531737917.csv","{""quid"":""q_2_4"",""oid"":""comp_2_5"",""qpos"":0,""opos"":1}",1395875816838,
